owner,period,metric_type,value,unit,objective
alan.xie3,2025 年 7 月,试驾量,12,组,"### 新人入职加加电⛽️ 尽快熟悉各流程，除本品外 同组讨论 学习竞品
周均邀约12+周均试驾12+ 月锁单2+
- **Progress:** 0%
- **Score:** 0
- **Aligned by:**
    - 目标: 7516653426710822914, Owner: star.xu (open_id: ou_8e475314f3cca1e78928b14426de1f1..."
alan.xie3,2025 年 7 月,锁单量,2,台,"### 新人入职加加电⛽️ 尽快熟悉各流程，除本品外 同组讨论 学习竞品
周均邀约12+周均试驾12+ 月锁单2+
- **Progress:** 0%
- **Score:** 0
- **Aligned by:**
    - 目标: 7516653426710822914, Owner: star.xu (open_id: ou_8e475314f3cca1e78928b14426de1f1..."
allen.liang2,2025 年 7 月,交付量,1,台,"### 完成月度车辆销售交付≥1，总利润贡献3000
- **Progress:** 0%
- **Score:** 0

---"
b.sc,2025 年 7 月,交付量,1,台,"### （多卖车多赚钱）完成月度车辆销售交付≥1辆（挑战目标2辆）总利润贡献≥0.7万元
- **Progress:** 0%
- **Score:** 0

#### Key Results:
1. （多建联多建信）放学新增建联≥200次
总建联人数≥150人 并持续建信
    - Progress: 0%
    - Score: 0
2. （能力成长）：持续学习，提升建联建信，卖车及服务相..."
b.sc,2025 年 7 月,新增建联量,200,人,"### （多卖车多赚钱）完成月度车辆销售交付≥1辆（挑战目标2辆）总利润贡献≥0.7万元
- **Progress:** 0%
- **Score:** 0

#### Key Results:
1. （多建联多建信）放学新增建联≥200次
总建联人数≥150人 并持续建信
    - Progress: 0%
    - Score: 0
2. （能力成长）：持续学习，提升建联建信，卖车及服务相..."
b.sc,2025 年 7 月,新增建联量,200,人,"### （多卖车多赚钱）完成月度车辆销售交付≥1辆（挑战目标2辆）总利润贡献≥0.7万元
- **Progress:** 0%
- **Score:** 0

#### Key Results:
1. （多建联多建信）放学新增建联≥200次
总建联人数≥150人 并持续建信
    - Progress: 0%
    - Score: 0
2. （能力成长）：持续学习，提升建联建信，卖车及服务相..."
bin.zhu2,2025 年 7 月,交付量,16,台,"### 完成锁单目30台，交付16
- **Progress:** 0%
- **Score:** 0

#### Key Results:
1. 1、L90锁单目标1台
    - Progress: 0%
    - Score: 0

---"
bin.zhu2,2025 年 7 月,新增建联量,7,人,"### 1、建联量200
2、试驾目标45
- **Progress:** 0%
- **Score:** 0

#### Key Results:
1. 1、每天建联7个，先从周边朋友、前同事种草。帮忙扩大宣传。
    - Progress: 0%
    - Score: 0
2. 1、门店获客10
2、线上获客10
3、线下获客150
4、直播获客20
7、SSP10
    - Prog..."
bin.zhu2,2025 年 7 月,新增建联量,7,人,"### 1、建联量200
2、试驾目标45
- **Progress:** 0%
- **Score:** 0

#### Key Results:
1. 1、每天建联7个，先从周边朋友、前同事种草。帮忙扩大宣传。
    - Progress: 0%
    - Score: 0
2. 1、门店获客10
2、线上获客10
3、线下获客150
4、直播获客20
7、SSP10
    - Prog..."
bin.zhu2,2025 年 7 月,试驾量,45,组,"### 1、建联量200
2、试驾目标45
- **Progress:** 0%
- **Score:** 0

#### Key Results:
1. 1、每天建联7个，先从周边朋友、前同事种草。帮忙扩大宣传。
    - Progress: 0%
    - Score: 0
2. 1、门店获客10
2、线上获客10
3、线下获客150
4、直播获客20
7、SSP10
    - Prog..."
bin.zhu2,2025 年 7 月,试驾量,5,组,"### 1、建联量200
2、试驾目标45
- **Progress:** 0%
- **Score:** 0

#### Key Results:
1. 1、每天建联7个，先从周边朋友、前同事种草。帮忙扩大宣传。
    - Progress: 0%
    - Score: 0
2. 1、门店获客10
2、线上获客10
3、线下获客150
4、直播获客20
7、SSP10
    - Prog..."
bin.zhu2,2025 年 7 月,试驾量,30,组,"### 1、建联量200
2、试驾目标45
- **Progress:** 0%
- **Score:** 0

#### Key Results:
1. 1、每天建联7个，先从周边朋友、前同事种草。帮忙扩大宣传。
    - Progress: 0%
    - Score: 0
2. 1、门店获客10
2、线上获客10
3、线下获客150
4、直播获客20
7、SSP10
    - Prog..."
bin.zhu2,2025 年 7 月,试驾量,45,组,"### 1、建联量200
2、试驾目标45
- **Progress:** 0%
- **Score:** 0

#### Key Results:
1. 1、每天建联7个，先从周边朋友、前同事种草。帮忙扩大宣传。
    - Progress: 0%
    - Score: 0
2. 1、门店获客10
2、线上获客10
3、线下获客150
4、直播获客20
7、SSP10
    - Prog..."
botao.kan,2025 年 7 月,交付量,1,台,"### (多卖车多赚钱):完成月度车辆销售交付≥1辆(挑战目示3辆),总利润贡献≥1万元
- **Progress:** 0%
- **Score:** 0

#### Key Results:
1. 完成试驾≥30个。月度新增机会>10个合计个人机会池≥7个,机会到试驾的转化率≥10%。
    - Progress: 0%
    - Score: 0
2. 月度锁单目标≥1辆,试驾到锁单的转..."
botao.kan,2025 年 7 月,新增建联量,60,人,"### (多建联多建信):当月新增建联≥60人,总建联人数≥67人,并持续建信。
- **Progress:** 0%
- **Score:** 0

#### Key Results:
1. 月度新增建联>60人(其中主动建联≥40人,门店路演建联>20人。
    - Progress: 0%
    - Score: 0
2. 建联用户的月度建信70%覆盖,所有建联用户月均建信次数≥3次
 ..."
botao.kan,2025 年 7 月,新增建联量,60,人,"### (多建联多建信):当月新增建联≥60人,总建联人数≥67人,并持续建信。
- **Progress:** 0%
- **Score:** 0

#### Key Results:
1. 月度新增建联>60人(其中主动建联≥40人,门店路演建联>20人。
    - Progress: 0%
    - Score: 0
2. 建联用户的月度建信70%覆盖,所有建联用户月均建信次数≥3次
 ..."
botao.kan,2025 年 7 月,新增建联量,60,人,"### (多建联多建信):当月新增建联≥60人,总建联人数≥67人,并持续建信。
- **Progress:** 0%
- **Score:** 0

#### Key Results:
1. 月度新增建联>60人(其中主动建联≥40人,门店路演建联>20人。
    - Progress: 0%
    - Score: 0
2. 建联用户的月度建信70%覆盖,所有建联用户月均建信次数≥3次
 ..."
botao.kan,2025 年 7 月,新增建联量,60,人,"### (多建联多建信):当月新增建联≥60人,总建联人数≥67人,并持续建信。
- **Progress:** 0%
- **Score:** 0

#### Key Results:
1. 月度新增建联>60人(其中主动建联≥40人,门店路演建联>20人。
    - Progress: 0%
    - Score: 0
2. 建联用户的月度建信70%覆盖,所有建联用户月均建信次数≥3次
 ..."
botao.kan,2025 年 7 月,新增建联量,40,人,"### (多建联多建信):当月新增建联≥60人,总建联人数≥67人,并持续建信。
- **Progress:** 0%
- **Score:** 0

#### Key Results:
1. 月度新增建联>60人(其中主动建联≥40人,门店路演建联>20人。
    - Progress: 0%
    - Score: 0
2. 建联用户的月度建信70%覆盖,所有建联用户月均建信次数≥3次
 ..."
botao.kan,2025 年 7 月,新增建联量,20,人,"### (多建联多建信):当月新增建联≥60人,总建联人数≥67人,并持续建信。
- **Progress:** 0%
- **Score:** 0

#### Key Results:
1. 月度新增建联>60人(其中主动建联≥40人,门店路演建联>20人。
    - Progress: 0%
    - Score: 0
2. 建联用户的月度建信70%覆盖,所有建联用户月均建信次数≥3次
 ..."
botao.kan,2025 年 7 月,试驾量,30,组,"### (多卖车多赚钱):完成月度车辆销售交付≥1辆(挑战目示3辆),总利润贡献≥1万元
- **Progress:** 0%
- **Score:** 0

#### Key Results:
1. 完成试驾≥30个。月度新增机会>10个合计个人机会池≥7个,机会到试驾的转化率≥10%。
    - Progress: 0%
    - Score: 0
2. 月度锁单目标≥1辆,试驾到锁单的转..."
can.li6,2025 年 7 月,交付量,2,台,"### 7月目标l60交付2台，l90交付1台，l90小定5台
- **Progress:** 0%
- **Score:** 0
- **Aligned by:**
    - 目标: 7516653428653064193, Owner: yong.wen3 (open_id: ou_1e1b54491a6d7967fb981acd7c9e8502)

#### Key Results:
1...."
can.li6,2025 年 7 月,交付量,1,台,"### 7月目标l60交付2台，l90交付1台，l90小定5台
- **Progress:** 0%
- **Score:** 0
- **Aligned by:**
    - 目标: 7516653428653064193, Owner: yong.wen3 (open_id: ou_1e1b54491a6d7967fb981acd7c9e8502)

#### Key Results:
1...."
can.li6,2025 年 7 月,交付量,2,台,"### 7月目标l60交付2台，l90交付1台，l90小定5台
- **Progress:** 0%
- **Score:** 0
- **Aligned by:**
    - 目标: 7516653428653064193, Owner: yong.wen3 (open_id: ou_1e1b54491a6d7967fb981acd7c9e8502)

#### Key Results:
1...."
can.li6,2025 年 7 月,交付量,1,台,"### 7月目标l60交付2台，l90交付1台，l90小定5台
- **Progress:** 0%
- **Score:** 0
- **Aligned by:**
    - 目标: 7516653428653064193, Owner: yong.wen3 (open_id: ou_1e1b54491a6d7967fb981acd7c9e8502)

#### Key Results:
1...."
carry.wang,2025 年 7 月,新增建联量,262,人,"### 人均建联≥2组，并持续建信。
- **Progress:** 0%
- **Score:** 0
- **Aligned by:**
    - 目标: 7516651640880955393, Owner: philip.zhou (open_id: ou_3515987a7f8d563072188fcec18d2249)

#### Key Results:
1. 每日闭环企业微信朋友..."
carry.wang,2025 年 7 月,新增建联量,2,人,"### 人均建联≥2组，并持续建信。
- **Progress:** 0%
- **Score:** 0
- **Aligned by:**
    - 目标: 7516651640880955393, Owner: philip.zhou (open_id: ou_3515987a7f8d563072188fcec18d2249)

#### Key Results:
1. 每日闭环企业微信朋友..."
carry.wang,2025 年 7 月,新增建联量,262,人,"### 人均建联≥2组，并持续建信。
- **Progress:** 0%
- **Score:** 0
- **Aligned by:**
    - 目标: 7516651640880955393, Owner: philip.zhou (open_id: ou_3515987a7f8d563072188fcec18d2249)

#### Key Results:
1. 每日闭环企业微信朋友..."
carry.wang,2025 年 7 月,新增建联量,52,人,"### 人均建联≥2组，并持续建信。
- **Progress:** 0%
- **Score:** 0
- **Aligned by:**
    - 目标: 7516651640880955393, Owner: philip.zhou (open_id: ou_3515987a7f8d563072188fcec18d2249)

#### Key Results:
1. 每日闭环企业微信朋友..."
carry.wang,2025 年 7 月,锁单量,1,台,"### 完成月度交付目标一台，月度冲刺目标两台
- **Progress:** 0%
- **Score:** 0
- **Aligned by:**
    - 目标: 7516651640880955393, Owner: philip.zhou (open_id: ou_3515987a7f8d563072188fcec18d2249)

#### Key Results:
1. 完成月度试..."
carry.wang,2025 年 7 月,锁单量,1,台,"### 完成月度交付目标一台，月度冲刺目标两台
- **Progress:** 0%
- **Score:** 0
- **Aligned by:**
    - 目标: 7516651640880955393, Owner: philip.zhou (open_id: ou_3515987a7f8d563072188fcec18d2249)

#### Key Results:
1. 完成月度试..."
cc.l,2025 年 7 月,交付量,1,台,"### 完成月度车辆销售交付1台（挑战目标2台），总利润贡献≥5000元
- **Progress:** 0%
- **Score:** 0

#### Key Results:
1. 每日目标：主动线索3条，试驾3批，排程1批，30S电话量24批，
    - Progress: 0%
    - Score: 0
2. 月度锁单目标1台（挑战目标2台），试驾转化率25%，
    - Prog..."
cc.l,2025 年 7 月,交付量,1,台,"### 完成月度车辆销售交付1台（挑战目标2台），总利润贡献≥5000元
- **Progress:** 0%
- **Score:** 0

#### Key Results:
1. 每日目标：主动线索3条，试驾3批，排程1批，30S电话量24批，
    - Progress: 0%
    - Score: 0
2. 月度锁单目标1台（挑战目标2台），试驾转化率25%，
    - Prog..."
cc.l,2025 年 7 月,新增建联量,156,人,"### 当月新增建联156批，并持续建信
- **Progress:** 0%
- **Score:** 0

#### Key Results:
1. 月度新增建联156批，其中门店占比70%，外拓占比30%，
    - Progress: 0%
    - Score: 0
2. 建联用户建信100%覆盖，所有建联用户月均建信次数≥3次，
    - Progress: 0%
    - S..."
cc.l,2025 年 7 月,新增建联量,156,人,"### 当月新增建联156批，并持续建信
- **Progress:** 0%
- **Score:** 0

#### Key Results:
1. 月度新增建联156批，其中门店占比70%，外拓占比30%，
    - Progress: 0%
    - Score: 0
2. 建联用户建信100%覆盖，所有建联用户月均建信次数≥3次，
    - Progress: 0%
    - S..."
cc.l,2025 年 7 月,新增建联量,156,人,"### 当月新增建联156批，并持续建信
- **Progress:** 0%
- **Score:** 0

#### Key Results:
1. 月度新增建联156批，其中门店占比70%，外拓占比30%，
    - Progress: 0%
    - Score: 0
2. 建联用户建信100%覆盖，所有建联用户月均建信次数≥3次，
    - Progress: 0%
    - S..."
cc.l,2025 年 7 月,新增建联量,156,人,"### 当月新增建联156批，并持续建信
- **Progress:** 0%
- **Score:** 0

#### Key Results:
1. 月度新增建联156批，其中门店占比70%，外拓占比30%，
    - Progress: 0%
    - Score: 0
2. 建联用户建信100%覆盖，所有建联用户月均建信次数≥3次，
    - Progress: 0%
    - S..."
cc.l,2025 年 7 月,新增建联量,156,人,"### 当月新增建联156批，并持续建信
- **Progress:** 0%
- **Score:** 0

#### Key Results:
1. 月度新增建联156批，其中门店占比70%，外拓占比30%，
    - Progress: 0%
    - Score: 0
2. 建联用户建信100%覆盖，所有建联用户月均建信次数≥3次，
    - Progress: 0%
    - S..."
cc.l,2025 年 7 月,新增建联量,156,人,"### 当月新增建联156批，并持续建信
- **Progress:** 0%
- **Score:** 0

#### Key Results:
1. 月度新增建联156批，其中门店占比70%，外拓占比30%，
    - Progress: 0%
    - Score: 0
2. 建联用户建信100%覆盖，所有建联用户月均建信次数≥3次，
    - Progress: 0%
    - S..."
cc.l,2025 年 7 月,新增建联量,156,人,"### 当月新增建联156批，并持续建信
- **Progress:** 0%
- **Score:** 0

#### Key Results:
1. 月度新增建联156批，其中门店占比70%，外拓占比30%，
    - Progress: 0%
    - Score: 0
2. 建联用户建信100%覆盖，所有建联用户月均建信次数≥3次，
    - Progress: 0%
    - S..."
cc.l,2025 年 7 月,新增建联量,156,人,"### 当月新增建联156批，并持续建信
- **Progress:** 0%
- **Score:** 0

#### Key Results:
1. 月度新增建联156批，其中门店占比70%，外拓占比30%，
    - Progress: 0%
    - Score: 0
2. 建联用户建信100%覆盖，所有建联用户月均建信次数≥3次，
    - Progress: 0%
    - S..."
cc.l,2025 年 7 月,试驾量,3,组,"### 完成月度车辆销售交付1台（挑战目标2台），总利润贡献≥5000元
- **Progress:** 0%
- **Score:** 0

#### Key Results:
1. 每日目标：主动线索3条，试驾3批，排程1批，30S电话量24批，
    - Progress: 0%
    - Score: 0
2. 月度锁单目标1台（挑战目标2台），试驾转化率25%，
    - Prog..."
cc.l,2025 年 7 月,试驾量,3,组,"### 完成月度车辆销售交付1台（挑战目标2台），总利润贡献≥5000元
- **Progress:** 0%
- **Score:** 0

#### Key Results:
1. 每日目标：主动线索3条，试驾3批，排程1批，30S电话量24批，
    - Progress: 0%
    - Score: 0
2. 月度锁单目标1台（挑战目标2台），试驾转化率25%，
    - Prog..."
cheng.liu7,2025 年 7 月,交付量,2,台,"### V1：门店交付2台达成盈亏平衡
- **Progress:** 0%
- **Score:** 0
- **Aligned by:**
    - 目标: 7516653427935543324, Owner: mingjun.zhong2 (open_id: ou_3f0897e30e09d4b7162d65b4277c44fc)

#### Key Results:
1. A1：建联2..."
cheng.liu7,2025 年 7 月,交付量,2,台,"### V1：门店交付2台达成盈亏平衡
- **Progress:** 0%
- **Score:** 0
- **Aligned by:**
    - 目标: 7516653427935543324, Owner: mingjun.zhong2 (open_id: ou_3f0897e30e09d4b7162d65b4277c44fc)

#### Key Results:
1. A1：建联2..."
cheng.liu7,2025 年 7 月,新增建联量,100,人,"### V1：门店交付2台达成盈亏平衡
- **Progress:** 0%
- **Score:** 0
- **Aligned by:**
    - 目标: 7516653427935543324, Owner: mingjun.zhong2 (open_id: ou_3f0897e30e09d4b7162d65b4277c44fc)

#### Key Results:
1. A1：建联2..."
cheng.liu7,2025 年 7 月,新增建联量,220,人,"### V1：门店交付2台达成盈亏平衡
- **Progress:** 0%
- **Score:** 0
- **Aligned by:**
    - 目标: 7516653427935543324, Owner: mingjun.zhong2 (open_id: ou_3f0897e30e09d4b7162d65b4277c44fc)

#### Key Results:
1. A1：建联2..."
cheng.liu7,2025 年 7 月,新增建联量,100,人,"### V1：门店交付2台达成盈亏平衡
- **Progress:** 0%
- **Score:** 0
- **Aligned by:**
    - 目标: 7516653427935543324, Owner: mingjun.zhong2 (open_id: ou_3f0897e30e09d4b7162d65b4277c44fc)

#### Key Results:
1. A1：建联2..."
cheng.liu7,2025 年 7 月,新增建联量,30,人,"### V1：门店交付2台达成盈亏平衡
- **Progress:** 0%
- **Score:** 0
- **Aligned by:**
    - 目标: 7516653427935543324, Owner: mingjun.zhong2 (open_id: ou_3f0897e30e09d4b7162d65b4277c44fc)

#### Key Results:
1. A1：建联2..."
cheng.liu7,2025 年 7 月,新增建联量,100,人,"### V1：门店交付2台达成盈亏平衡
- **Progress:** 0%
- **Score:** 0
- **Aligned by:**
    - 目标: 7516653427935543324, Owner: mingjun.zhong2 (open_id: ou_3f0897e30e09d4b7162d65b4277c44fc)

#### Key Results:
1. A1：建联2..."
cheng.liu7,2025 年 7 月,新增建联量,220,人,"### V1：门店交付2台达成盈亏平衡
- **Progress:** 0%
- **Score:** 0
- **Aligned by:**
    - 目标: 7516653427935543324, Owner: mingjun.zhong2 (open_id: ou_3f0897e30e09d4b7162d65b4277c44fc)

#### Key Results:
1. A1：建联2..."
cheng.liu7,2025 年 7 月,新增建联量,100,人,"### V1：门店交付2台达成盈亏平衡
- **Progress:** 0%
- **Score:** 0
- **Aligned by:**
    - 目标: 7516653427935543324, Owner: mingjun.zhong2 (open_id: ou_3f0897e30e09d4b7162d65b4277c44fc)

#### Key Results:
1. A1：建联2..."
cheng.liu7,2025 年 7 月,新增建联量,30,人,"### V1：门店交付2台达成盈亏平衡
- **Progress:** 0%
- **Score:** 0
- **Aligned by:**
    - 目标: 7516653427935543324, Owner: mingjun.zhong2 (open_id: ou_3f0897e30e09d4b7162d65b4277c44fc)

#### Key Results:
1. A1：建联2..."
cheng.liu7,2025 年 7 月,锁单量,2,台,"### V1：门店交付2台达成盈亏平衡
- **Progress:** 0%
- **Score:** 0
- **Aligned by:**
    - 目标: 7516653427935543324, Owner: mingjun.zhong2 (open_id: ou_3f0897e30e09d4b7162d65b4277c44fc)

#### Key Results:
1. A1：建联2..."
cheng.peng4,2025 年 7 月,交付量,3,台,"### 本月交付3台，L90锁单目标4
- **Progress:** 0%
- **Score:** 0
- **Aligned by:**
    - 目标: 7516653429561819138, Owner: xichen.li (open_id: ou_cf6ab38eea02d82b32754af208f08722)

#### Key Results:
1. 门店Wi留资率＞80%..."
cheng.peng4,2025 年 7 月,交付量,3,台,"### 本月交付3台，L90锁单目标4
- **Progress:** 0%
- **Score:** 0
- **Aligned by:**
    - 目标: 7516653429561819138, Owner: xichen.li (open_id: ou_cf6ab38eea02d82b32754af208f08722)

#### Key Results:
1. 门店Wi留资率＞80%..."
christopher.tu,2025 年 7 月,锁单量,3,台,"### L60锁单3个交付三台
L90预定金十个 锁单两台
- **Progress:** 0%
- **Score:** 0

#### Key Results:
1. 目前手里头的乐道高意向用户保持粘性 及时跟进 手头fc数量尽量维持在十个左右 L90做好接待好每一组用户 手里头的意向用户也保持跟进 每日同步fc表格 梳理基盘
    - Progress: 0%
    - Score: 0..."
christopher.tu,2025 年 7 月,锁单量,3,台,"### L60锁单3个交付三台
L90预定金十个 锁单两台
- **Progress:** 0%
- **Score:** 0

#### Key Results:
1. 目前手里头的乐道高意向用户保持粘性 及时跟进 手头fc数量尽量维持在十个左右 L90做好接待好每一组用户 手里头的意向用户也保持跟进 每日同步fc表格 梳理基盘
    - Progress: 0%
    - Score: 0..."
christopher.tu,2025 年 7 月,锁单量,3,台,"### L60锁单3个交付三台
L90预定金十个 锁单两台
- **Progress:** 0%
- **Score:** 0

#### Key Results:
1. 目前手里头的乐道高意向用户保持粘性 及时跟进 手头fc数量尽量维持在十个左右 L90做好接待好每一组用户 手里头的意向用户也保持跟进 每日同步fc表格 梳理基盘
    - Progress: 0%
    - Score: 0..."
cindy.song,2025 年 7 月,交付量,1,台,"### 完成车辆交付≥1，总亏损≤1.4万
- **Progress:** 0%
- **Score:** 0

#### Key Results:
1. 月度试驾≥55个，周中2个，周末3个
    - Progress: 0%
    - Score: 0
2. 锁单交付目标1台
    - Progress: 0%
    - Score: 0

---"
cindy.song,2025 年 7 月,新增建联量,50,人,"### 当月新增建联50人，并持续建信
- **Progress:** 0%
- **Score:** 0

#### Key Results:
1. 门店路演建联33人（周中1个，周末1.5个）
    - Progress: 0%
    - Score: 0
2. 主动建联16人
    - Progress: 0%
    - Score: 0

---"
cindy.song,2025 年 7 月,新增建联量,50,人,"### 当月新增建联50人，并持续建信
- **Progress:** 0%
- **Score:** 0

#### Key Results:
1. 门店路演建联33人（周中1个，周末1.5个）
    - Progress: 0%
    - Score: 0
2. 主动建联16人
    - Progress: 0%
    - Score: 0

---"
cindy.song,2025 年 7 月,新增建联量,33,人,"### 当月新增建联50人，并持续建信
- **Progress:** 0%
- **Score:** 0

#### Key Results:
1. 门店路演建联33人（周中1个，周末1.5个）
    - Progress: 0%
    - Score: 0
2. 主动建联16人
    - Progress: 0%
    - Score: 0

---"
cindy.song,2025 年 7 月,新增建联量,16,人,"### 当月新增建联50人，并持续建信
- **Progress:** 0%
- **Score:** 0

#### Key Results:
1. 门店路演建联33人（周中1个，周末1.5个）
    - Progress: 0%
    - Score: 0
2. 主动建联16人
    - Progress: 0%
    - Score: 0

---"
cindy.song,2025 年 7 月,新增建联量,50,人,"### 当月新增建联50人，并持续建信
- **Progress:** 0%
- **Score:** 0

#### Key Results:
1. 门店路演建联33人（周中1个，周末1.5个）
    - Progress: 0%
    - Score: 0
2. 主动建联16人
    - Progress: 0%
    - Score: 0

---"
cindy.song,2025 年 7 月,新增建联量,50,人,"### 当月新增建联50人，并持续建信
- **Progress:** 0%
- **Score:** 0

#### Key Results:
1. 门店路演建联33人（周中1个，周末1.5个）
    - Progress: 0%
    - Score: 0
2. 主动建联16人
    - Progress: 0%
    - Score: 0

---"
cindy.song,2025 年 7 月,新增建联量,33,人,"### 当月新增建联50人，并持续建信
- **Progress:** 0%
- **Score:** 0

#### Key Results:
1. 门店路演建联33人（周中1个，周末1.5个）
    - Progress: 0%
    - Score: 0
2. 主动建联16人
    - Progress: 0%
    - Score: 0

---"
cindy.song,2025 年 7 月,新增建联量,16,人,"### 当月新增建联50人，并持续建信
- **Progress:** 0%
- **Score:** 0

#### Key Results:
1. 门店路演建联33人（周中1个，周末1.5个）
    - Progress: 0%
    - Score: 0
2. 主动建联16人
    - Progress: 0%
    - Score: 0

---"
cindy.song,2025 年 7 月,试驾量,55,组,"### 完成车辆交付≥1，总亏损≤1.4万
- **Progress:** 0%
- **Score:** 0

#### Key Results:
1. 月度试驾≥55个，周中2个，周末3个
    - Progress: 0%
    - Score: 0
2. 锁单交付目标1台
    - Progress: 0%
    - Score: 0

---"
daisy.ban,2025 年 7 月,新增建联量,5,人,"### 每天建联5人及以上，并持续建信
本月目标2台
- **Progress:** 0%
- **Score:** 0
- **Aligned by:**
    - 目标: 7516653428515061788, Owner: jiaxin.li11 (open_id: ou_b8c0e3224c802457bc46cd32b4422b31)

#### Key Results:
1. 增加..."
daisy.ban,2025 年 7 月,新增建联量,5,人,"### 每天建联5人及以上，并持续建信
本月目标2台
- **Progress:** 0%
- **Score:** 0
- **Aligned by:**
    - 目标: 7516653428515061788, Owner: jiaxin.li11 (open_id: ou_b8c0e3224c802457bc46cd32b4422b31)

#### Key Results:
1. 增加..."
dan.liu4,2025 年 7 月,交付量,1,台,"### V1(多卖车多赚钱):完成月度车辆销售交付≥1辆(挑战目标2辆)，总利润贡献≥1万元 (或者:总亏损≤2万元)。
A1:完成试驾≥30个。
A2:月度锁单目标≥1辆(上月为0%)，试驾到锁单的转化率≥3%(上月为0%）
- **Progress:** 0%
- **Score:** 0

---"
dan.liu4,2025 年 7 月,新增建联量,80,人,"### (多建联多建信):当月新增建联≥80人，总建联人数≥100人，并持续建信。
A1:月度新增建联≥80人(其中主动建联≥40人，门店路演建联≥40人。
 A2:建联用户的月度建信100%覆盖，所有建联用户月均建信次数≥3次
A3:主动面对面拜访5个已建联无明确购车需求用户(包括合作伙伴、蔚来或乐道的老用户，等)，新增10个蔚来老用户的的L60种草试驾。
A4:在社媒(含朋友圈、视频号、小红书..."
dan.liu4,2025 年 7 月,新增建联量,80,人,"### (多建联多建信):当月新增建联≥80人，总建联人数≥100人，并持续建信。
A1:月度新增建联≥80人(其中主动建联≥40人，门店路演建联≥40人。
 A2:建联用户的月度建信100%覆盖，所有建联用户月均建信次数≥3次
A3:主动面对面拜访5个已建联无明确购车需求用户(包括合作伙伴、蔚来或乐道的老用户，等)，新增10个蔚来老用户的的L60种草试驾。
A4:在社媒(含朋友圈、视频号、小红书..."
dan.liu4,2025 年 7 月,新增建联量,80,人,"### (多建联多建信):当月新增建联≥80人，总建联人数≥100人，并持续建信。
A1:月度新增建联≥80人(其中主动建联≥40人，门店路演建联≥40人。
 A2:建联用户的月度建信100%覆盖，所有建联用户月均建信次数≥3次
A3:主动面对面拜访5个已建联无明确购车需求用户(包括合作伙伴、蔚来或乐道的老用户，等)，新增10个蔚来老用户的的L60种草试驾。
A4:在社媒(含朋友圈、视频号、小红书..."
dan.liu4,2025 年 7 月,新增建联量,80,人,"### (多建联多建信):当月新增建联≥80人，总建联人数≥100人，并持续建信。
A1:月度新增建联≥80人(其中主动建联≥40人，门店路演建联≥40人。
 A2:建联用户的月度建信100%覆盖，所有建联用户月均建信次数≥3次
A3:主动面对面拜访5个已建联无明确购车需求用户(包括合作伙伴、蔚来或乐道的老用户，等)，新增10个蔚来老用户的的L60种草试驾。
A4:在社媒(含朋友圈、视频号、小红书..."
dan.liu4,2025 年 7 月,新增建联量,40,人,"### (多建联多建信):当月新增建联≥80人，总建联人数≥100人，并持续建信。
A1:月度新增建联≥80人(其中主动建联≥40人，门店路演建联≥40人。
 A2:建联用户的月度建信100%覆盖，所有建联用户月均建信次数≥3次
A3:主动面对面拜访5个已建联无明确购车需求用户(包括合作伙伴、蔚来或乐道的老用户，等)，新增10个蔚来老用户的的L60种草试驾。
A4:在社媒(含朋友圈、视频号、小红书..."
dan.liu4,2025 年 7 月,新增建联量,40,人,"### (多建联多建信):当月新增建联≥80人，总建联人数≥100人，并持续建信。
A1:月度新增建联≥80人(其中主动建联≥40人，门店路演建联≥40人。
 A2:建联用户的月度建信100%覆盖，所有建联用户月均建信次数≥3次
A3:主动面对面拜访5个已建联无明确购车需求用户(包括合作伙伴、蔚来或乐道的老用户，等)，新增10个蔚来老用户的的L60种草试驾。
A4:在社媒(含朋友圈、视频号、小红书..."
dan.liu4,2025 年 7 月,试驾量,30,组,"### V1(多卖车多赚钱):完成月度车辆销售交付≥1辆(挑战目标2辆)，总利润贡献≥1万元 (或者:总亏损≤2万元)。
A1:完成试驾≥30个。
A2:月度锁单目标≥1辆(上月为0%)，试驾到锁单的转化率≥3%(上月为0%）
- **Progress:** 0%
- **Score:** 0

---"
david.sun1,2025 年 7 月,新增建联量,8,人,"### 多建联多建信)：新增建联8人/天，并持续建信
- **Progress:** 0%
- **Score:** 0
- **Aligned by:**
    - 目标: 7516653404204597250, Owner: shuaijie.xu (open_id: ou_1af28bd84fb5bcccdc24c19f3b6ee707)
    - 目标: 75166534042045..."
david.sun1,2025 年 7 月,新增建联量,100,人,"### 多建联多建信)：新增建联8人/天，并持续建信
- **Progress:** 0%
- **Score:** 0
- **Aligned by:**
    - 目标: 7516653404204597250, Owner: shuaijie.xu (open_id: ou_1af28bd84fb5bcccdc24c19f3b6ee707)
    - 目标: 75166534042045..."
david.sun1,2025 年 7 月,新增建联量,8,人,"### 多建联多建信)：新增建联8人/天，并持续建信
- **Progress:** 0%
- **Score:** 0
- **Aligned by:**
    - 目标: 7516653404204597250, Owner: shuaijie.xu (open_id: ou_1af28bd84fb5bcccdc24c19f3b6ee707)
    - 目标: 75166534042045..."
david.sun1,2025 年 7 月,新增建联量,100,人,"### 多建联多建信)：新增建联8人/天，并持续建信
- **Progress:** 0%
- **Score:** 0
- **Aligned by:**
    - 目标: 7516653404204597250, Owner: shuaijie.xu (open_id: ou_1af28bd84fb5bcccdc24c19f3b6ee707)
    - 目标: 75166534042045..."
david.sun1,2025 年 7 月,新增建联量,40,人,"### 多建联多建信)：新增建联8人/天，并持续建信
- **Progress:** 0%
- **Score:** 0
- **Aligned by:**
    - 目标: 7516653404204597250, Owner: shuaijie.xu (open_id: ou_1af28bd84fb5bcccdc24c19f3b6ee707)
    - 目标: 75166534042045..."
david.sun1,2025 年 7 月,新增建联量,8,人,"### 多建联多建信)：新增建联8人/天，并持续建信
- **Progress:** 0%
- **Score:** 0
- **Aligned by:**
    - 目标: 7516653404204597250, Owner: shuaijie.xu (open_id: ou_1af28bd84fb5bcccdc24c19f3b6ee707)
    - 目标: 75166534042045..."
david.sun1,2025 年 7 月,新增建联量,8,人,"### 多建联多建信)：新增建联8人/天，并持续建信
- **Progress:** 0%
- **Score:** 0
- **Aligned by:**
    - 目标: 7516653404204597250, Owner: shuaijie.xu (open_id: ou_1af28bd84fb5bcccdc24c19f3b6ee707)
    - 目标: 75166534042045..."
david.sun1,2025 年 7 月,试驾量,3,组,"### （多卖车多赚钱）：挑战目标1辆财务上达成Q3利润目标，确保增量投入的使用效率
- **Progress:** 0%
- **Score:** 0
- **Aligned by:**
    - 目标: 7516653404204597250, Owner: shuaijie.xu (open_id: ou_1af28bd84fb5bcccdc24c19f3b6ee707)

#### Ke..."
david.sun1,2025 年 7 月,试驾量,4,组,"### （多卖车多赚钱）：挑战目标1辆财务上达成Q3利润目标，确保增量投入的使用效率
- **Progress:** 0%
- **Score:** 0
- **Aligned by:**
    - 目标: 7516653404204597250, Owner: shuaijie.xu (open_id: ou_1af28bd84fb5bcccdc24c19f3b6ee707)

#### Ke..."
dejing.ma,2025 年 7 月,交付量,3,台,"### 石家庄裕华万达马德靖7月目标计划
- **Progress:** 0%
- **Score:** 0
- **Aligned by:**
    - 目标: 7516653427935445020, Owner: yufeng.zhang5 (open_id: ou_c517b2ae733d4bc916adcc00e18287b6)
    - 目标: 751665342793544502..."
dejing.ma,2025 年 7 月,交付量,3,台,"### 石家庄裕华万达马德靖7月目标计划
- **Progress:** 0%
- **Score:** 0
- **Aligned by:**
    - 目标: 7516653427935445020, Owner: yufeng.zhang5 (open_id: ou_c517b2ae733d4bc916adcc00e18287b6)
    - 目标: 751665342793544502..."
dongliang.zhang,2025 年 7 月,交付量,2,台,"### 交付2台目标3单
- **Progress:** 0%
- **Score:** 0

#### Key Results:
1. 一天打30到50个电话，以及线上留资，展厅留资和老客户介绍
    - Progress: 0%
    - Score: 0
2. 熟悉接待，试驾，谈单，交付流程，了解竞品的权益
    - Progress: 0%
    - Score: 0

---"
dongliang.zhang,2025 年 7 月,交付量,2,台,"### 交付2台目标3单
- **Progress:** 0%
- **Score:** 0

#### Key Results:
1. 一天打30到50个电话，以及线上留资，展厅留资和老客户介绍
    - Progress: 0%
    - Score: 0
2. 熟悉接待，试驾，谈单，交付流程，了解竞品的权益
    - Progress: 0%
    - Score: 0

---"
dongyu.zhou,2025 年 7 月,新增建联量,192,人,"### 基础工作任务
- **Progress:** 0%
- **Score:** 0

#### Key Results:
1. 主动建联192
    - Progress: 0%
    - Score: 0
2. 试驾月度60
    - Progress: 0%
    - Score: 0
3. 电话月度120
    - Progress: 0%
    - Score: 0

-..."
emily.dong,2025 年 7 月,交付量,3,台,"### (多卖车多赚钱):月度车辆销售交付≥3辆
(挑战目标4辆，上月交付0辆)
- **Progress:** 0%
- **Score:** 0

#### Key Results:
1. 月度试驾总量≥70人次，月试驾目标为        
70+次。月度新增购买需求≥194个，机会到试驾
O        的转化率≥20%)
    - Progress: 0%
    - Score: ..."
emily.dong,2025 年 7 月,交付量,0,台,"### (多卖车多赚钱):月度车辆销售交付≥3辆
(挑战目标4辆，上月交付0辆)
- **Progress:** 0%
- **Score:** 0

#### Key Results:
1. 月度试驾总量≥70人次，月试驾目标为        
70+次。月度新增购买需求≥194个，机会到试驾
O        的转化率≥20%)
    - Progress: 0%
    - Score: ..."
emily.dong,2025 年 7 月,交付量,3,台,"### (多卖车多赚钱):月度车辆销售交付≥3辆
(挑战目标4辆，上月交付0辆)
- **Progress:** 0%
- **Score:** 0

#### Key Results:
1. 月度试驾总量≥70人次，月试驾目标为        
70+次。月度新增购买需求≥194个，机会到试驾
O        的转化率≥20%)
    - Progress: 0%
    - Score: ..."
emily.dong,2025 年 7 月,交付量,0,台,"### (多卖车多赚钱):月度车辆销售交付≥3辆
(挑战目标4辆，上月交付0辆)
- **Progress:** 0%
- **Score:** 0

#### Key Results:
1. 月度试驾总量≥70人次，月试驾目标为        
70+次。月度新增购买需求≥194个，机会到试驾
O        的转化率≥20%)
    - Progress: 0%
    - Score: ..."
emily.dong,2025 年 7 月,交付量,0,台,"### (多卖车多赚钱):月度车辆销售交付≥3辆
(挑战目标4辆，上月交付0辆)
- **Progress:** 0%
- **Score:** 0

#### Key Results:
1. 月度试驾总量≥70人次，月试驾目标为        
70+次。月度新增购买需求≥194个，机会到试驾
O        的转化率≥20%)
    - Progress: 0%
    - Score: ..."
emily.dong,2025 年 7 月,交付量,0,台,"### (多卖车多赚钱):月度车辆销售交付≥3辆
(挑战目标4辆，上月交付0辆)
- **Progress:** 0%
- **Score:** 0

#### Key Results:
1. 月度试驾总量≥70人次，月试驾目标为        
70+次。月度新增购买需求≥194个，机会到试驾
O        的转化率≥20%)
    - Progress: 0%
    - Score: ..."
emily.dong,2025 年 7 月,新增建联量,128,人,"### （多建联多建信）：建联 ≥ 5 人/天
- **Progress:** 0%
- **Score:** 0
- **Aligned by:**
    - 目标: 7523331724383518722, Owner: junbo.zhu (open_id: ou_87f675fc2e9dfe5702718f7be10bb7ec)
    - 目标: 7523331724383518722..."
emily.dong,2025 年 7 月,新增建联量,128,人,"### （多建联多建信）：建联 ≥ 5 人/天
- **Progress:** 0%
- **Score:** 0
- **Aligned by:**
    - 目标: 7523331724383518722, Owner: junbo.zhu (open_id: ou_87f675fc2e9dfe5702718f7be10bb7ec)
    - 目标: 7523331724383518722..."
emily.dong,2025 年 7 月,新增建联量,3,人,"### （多建联多建信）：建联 ≥ 5 人/天
- **Progress:** 0%
- **Score:** 0
- **Aligned by:**
    - 目标: 7523331724383518722, Owner: junbo.zhu (open_id: ou_87f675fc2e9dfe5702718f7be10bb7ec)
    - 目标: 7523331724383518722..."
emily.dong,2025 年 7 月,新增建联量,128,人,"### （多建联多建信）：建联 ≥ 5 人/天
- **Progress:** 0%
- **Score:** 0
- **Aligned by:**
    - 目标: 7523331724383518722, Owner: junbo.zhu (open_id: ou_87f675fc2e9dfe5702718f7be10bb7ec)
    - 目标: 7523331724383518722..."
emily.dong,2025 年 7 月,新增建联量,128,人,"### （多建联多建信）：建联 ≥ 5 人/天
- **Progress:** 0%
- **Score:** 0
- **Aligned by:**
    - 目标: 7523331724383518722, Owner: junbo.zhu (open_id: ou_87f675fc2e9dfe5702718f7be10bb7ec)
    - 目标: 7523331724383518722..."
emily.dong,2025 年 7 月,锁单量,2,台,"### (多卖车多赚钱):月度车辆销售交付≥3辆
(挑战目标4辆，上月交付0辆)
- **Progress:** 0%
- **Score:** 0

#### Key Results:
1. 月度试驾总量≥70人次，月试驾目标为        
70+次。月度新增购买需求≥194个，机会到试驾
O        的转化率≥20%)
    - Progress: 0%
    - Score: ..."
emily.dong,2025 年 7 月,锁单量,4,台,"### (多卖车多赚钱):月度车辆销售交付≥3辆
(挑战目标4辆，上月交付0辆)
- **Progress:** 0%
- **Score:** 0

#### Key Results:
1. 月度试驾总量≥70人次，月试驾目标为        
70+次。月度新增购买需求≥194个，机会到试驾
O        的转化率≥20%)
    - Progress: 0%
    - Score: ..."
emily.dong,2025 年 7 月,锁单量,2,台,"### (多卖车多赚钱):月度车辆销售交付≥3辆
(挑战目标4辆，上月交付0辆)
- **Progress:** 0%
- **Score:** 0

#### Key Results:
1. 月度试驾总量≥70人次，月试驾目标为        
70+次。月度新增购买需求≥194个，机会到试驾
O        的转化率≥20%)
    - Progress: 0%
    - Score: ..."
ethan.zhuo,2025 年 7 月,交付量,10,台,"### V2
(多卖车多赚钱):月度车辆销售交付>10辆(上月
交付7辆),财务上达成Q3利润目标,确保增量投入的使用效率
月度试驾总量>160人次,人均月试驾目标为 40+次,机会到试驾的转化率≥20%(上月为 15.9%) Peng
- **Progress:** 0%
- **Score:** 0

#### Key Results:
1. 月度车辆销售交付>10辆(上月交付7辆);月度锁单..."
ethan.zhuo,2025 年 7 月,交付量,7,台,"### V2
(多卖车多赚钱):月度车辆销售交付>10辆(上月
交付7辆),财务上达成Q3利润目标,确保增量投入的使用效率
月度试驾总量>160人次,人均月试驾目标为 40+次,机会到试驾的转化率≥20%(上月为 15.9%) Peng
- **Progress:** 0%
- **Score:** 0

#### Key Results:
1. 月度车辆销售交付>10辆(上月交付7辆);月度锁单..."
ethan.zhuo,2025 年 7 月,交付量,10,台,"### V2
(多卖车多赚钱):月度车辆销售交付>10辆(上月
交付7辆),财务上达成Q3利润目标,确保增量投入的使用效率
月度试驾总量>160人次,人均月试驾目标为 40+次,机会到试驾的转化率≥20%(上月为 15.9%) Peng
- **Progress:** 0%
- **Score:** 0

#### Key Results:
1. 月度车辆销售交付>10辆(上月交付7辆);月度锁单..."
ethan.zhuo,2025 年 7 月,交付量,7,台,"### V2
(多卖车多赚钱):月度车辆销售交付>10辆(上月
交付7辆),财务上达成Q3利润目标,确保增量投入的使用效率
月度试驾总量>160人次,人均月试驾目标为 40+次,机会到试驾的转化率≥20%(上月为 15.9%) Peng
- **Progress:** 0%
- **Score:** 0

#### Key Results:
1. 月度车辆销售交付>10辆(上月交付7辆);月度锁单..."
ethan.zhuo,2025 年 7 月,交付量,7,台,"### V2
(多卖车多赚钱):月度车辆销售交付>10辆(上月
交付7辆),财务上达成Q3利润目标,确保增量投入的使用效率
月度试驾总量>160人次,人均月试驾目标为 40+次,机会到试驾的转化率≥20%(上月为 15.9%) Peng
- **Progress:** 0%
- **Score:** 0

#### Key Results:
1. 月度车辆销售交付>10辆(上月交付7辆);月度锁单..."
ethan.zhuo,2025 年 7 月,交付量,7,台,"### V2
(多卖车多赚钱):月度车辆销售交付>10辆(上月
交付7辆),财务上达成Q3利润目标,确保增量投入的使用效率
月度试驾总量>160人次,人均月试驾目标为 40+次,机会到试驾的转化率≥20%(上月为 15.9%) Peng
- **Progress:** 0%
- **Score:** 0

#### Key Results:
1. 月度车辆销售交付>10辆(上月交付7辆);月度锁单..."
ethan.zhuo,2025 年 7 月,新增建联量,270,人,"### 卓超5863
13:12
52
VAU
Ocean Y...
ONVO Central Stor... Ethan
V1
(多建联多建信):人均建联>3人/
than ZHUO 卓超 5863
暂无
0.0
0倍
- **Progress:** 0%
- **Score:** 0

#### Key Results:
1. A1
A1月度总新增建联270组
建信池用户60%触达,触达次数>..."
ethan.zhuo,2025 年 7 月,新增建联量,3,人,"### 卓超5863
13:12
52
VAU
Ocean Y...
ONVO Central Stor... Ethan
V1
(多建联多建信):人均建联>3人/
than ZHUO 卓超 5863
暂无
0.0
0倍
- **Progress:** 0%
- **Score:** 0

#### Key Results:
1. A1
A1月度总新增建联270组
建信池用户60%触达,触达次数>..."
ethan.zhuo,2025 年 7 月,新增建联量,270,人,"### 卓超5863
13:12
52
VAU
Ocean Y...
ONVO Central Stor... Ethan
V1
(多建联多建信):人均建联>3人/
than ZHUO 卓超 5863
暂无
0.0
0倍
- **Progress:** 0%
- **Score:** 0

#### Key Results:
1. A1
A1月度总新增建联270组
建信池用户60%触达,触达次数>..."
ethan.zhuo,2025 年 7 月,新增建联量,270,人,"### 卓超5863
13:12
52
VAU
Ocean Y...
ONVO Central Stor... Ethan
V1
(多建联多建信):人均建联>3人/
than ZHUO 卓超 5863
暂无
0.0
0倍
- **Progress:** 0%
- **Score:** 0

#### Key Results:
1. A1
A1月度总新增建联270组
建信池用户60%触达,触达次数>..."
ethan.zhuo,2025 年 7 月,新增建联量,270,人,"### 卓超5863
13:12
52
VAU
Ocean Y...
ONVO Central Stor... Ethan
V1
(多建联多建信):人均建联>3人/
than ZHUO 卓超 5863
暂无
0.0
0倍
- **Progress:** 0%
- **Score:** 0

#### Key Results:
1. A1
A1月度总新增建联270组
建信池用户60%触达,触达次数>..."
ethan.zhuo,2025 年 7 月,锁单量,6,台,"### V2
(多卖车多赚钱):月度车辆销售交付>10辆(上月
交付7辆),财务上达成Q3利润目标,确保增量投入的使用效率
月度试驾总量>160人次,人均月试驾目标为 40+次,机会到试驾的转化率≥20%(上月为 15.9%) Peng
- **Progress:** 0%
- **Score:** 0

#### Key Results:
1. 月度车辆销售交付>10辆(上月交付7辆);月度锁单..."
ethan.zhuo,2025 年 7 月,锁单量,10,台,"### V2
(多卖车多赚钱):月度车辆销售交付>10辆(上月
交付7辆),财务上达成Q3利润目标,确保增量投入的使用效率
月度试驾总量>160人次,人均月试驾目标为 40+次,机会到试驾的转化率≥20%(上月为 15.9%) Peng
- **Progress:** 0%
- **Score:** 0

#### Key Results:
1. 月度车辆销售交付>10辆(上月交付7辆);月度锁单..."
ethan.zhuo,2025 年 7 月,锁单量,6,台,"### V2
(多卖车多赚钱):月度车辆销售交付>10辆(上月
交付7辆),财务上达成Q3利润目标,确保增量投入的使用效率
月度试驾总量>160人次,人均月试驾目标为 40+次,机会到试驾的转化率≥20%(上月为 15.9%) Peng
- **Progress:** 0%
- **Score:** 0

#### Key Results:
1. 月度车辆销售交付>10辆(上月交付7辆);月度锁单..."
evan.liu4,2025 年 7 月,交付量,2,台,"### 月度销售交付目标>1
- **Progress:** 0%
- **Score:** 0

#### Key Results:
1. 月锁单目标1台
    - Progress: 0%
    - Score: 0
2. 挑战月交付2台
    - Progress: 0%
    - Score: 0
3. 月试驾目标10个以上
    - Progress: 0%
    - Sco..."
evan.liu4,2025 年 7 月,交付量,2,台,"### 月度销售交付目标>1
- **Progress:** 0%
- **Score:** 0

#### Key Results:
1. 月锁单目标1台
    - Progress: 0%
    - Score: 0
2. 挑战月交付2台
    - Progress: 0%
    - Score: 0
3. 月试驾目标10个以上
    - Progress: 0%
    - Sco..."
fangying.liao,2025 年 7 月,交付量,1,台,"### (多卖车多赚钱):完成L60月度锁单及交付1.7台(挑战目标4台)A1)  月度L60锁单及交付目标1.7台A2）月度试驾量>40组A3）月度总跟进数>1080组   日跟进量>40组
- **Progress:** 0%
- **Score:** 0
- **Aligned by:**
    - 目标: 7516653429093908482, Owner: zhengrui.liu ..."
fangying.liao,2025 年 7 月,新增建联量,97,人,"### (多建联多建信):月度个人新增建联>97组 A1)月度个人新增建联>97组  A2)开口获取新增建联目标，每日线索3-5个/人(周中3，周末5)，企业微信添加率80%A3 在社媒(含朋友圈、小红书、抖音)精心设计、原创内容8篇
- **Progress:** 0%
- **Score:** 0
- **Aligned by:**
    - 目标: 7516653429093908482,..."
fangying.liao,2025 年 7 月,新增建联量,97,人,"### (多建联多建信):月度个人新增建联>97组 A1)月度个人新增建联>97组  A2)开口获取新增建联目标，每日线索3-5个/人(周中3，周末5)，企业微信添加率80%A3 在社媒(含朋友圈、小红书、抖音)精心设计、原创内容8篇
- **Progress:** 0%
- **Score:** 0
- **Aligned by:**
    - 目标: 7516653429093908482,..."
fangying.liao,2025 年 7 月,新增建联量,97,人,"### (多建联多建信):月度个人新增建联>97组 A1)月度个人新增建联>97组  A2)开口获取新增建联目标，每日线索3-5个/人(周中3，周末5)，企业微信添加率80%A3 在社媒(含朋友圈、小红书、抖音)精心设计、原创内容8篇
- **Progress:** 0%
- **Score:** 0
- **Aligned by:**
    - 目标: 7516653429093908482,..."
fangying.liao,2025 年 7 月,新增建联量,97,人,"### (多建联多建信):月度个人新增建联>97组 A1)月度个人新增建联>97组  A2)开口获取新增建联目标，每日线索3-5个/人(周中3，周末5)，企业微信添加率80%A3 在社媒(含朋友圈、小红书、抖音)精心设计、原创内容8篇
- **Progress:** 0%
- **Score:** 0
- **Aligned by:**
    - 目标: 7516653429093908482,..."
fangying.liao,2025 年 7 月,试驾量,40,组,"### (多卖车多赚钱):完成L60月度锁单及交付1.7台(挑战目标4台)A1)  月度L60锁单及交付目标1.7台A2）月度试驾量>40组A3）月度总跟进数>1080组   日跟进量>40组
- **Progress:** 0%
- **Score:** 0
- **Aligned by:**
    - 目标: 7516653429093908482, Owner: zhengrui.liu ..."
fangyuan.li2,2025 年 7 月,交付量,3,台,"### 7月L60交付3台，L90意向金15台，锁单5台
- **Progress:** 0%
- **Score:** 0
- **Aligned by:**
    - 目标: 7516652006007717916, Owner: yayun.wang (open_id: ou_240214865c91b69f245f50ae36fdb654)

#### Key Results:
1. 每..."
fangyuan.li2,2025 年 7 月,交付量,3,台,"### 7月L60交付3台，L90意向金15台，锁单5台
- **Progress:** 0%
- **Score:** 0
- **Aligned by:**
    - 目标: 7516652006007717916, Owner: yayun.wang (open_id: ou_240214865c91b69f245f50ae36fdb654)

#### Key Results:
1. 每..."
fangyuan.li2,2025 年 7 月,交付量,3,台,"### 7月L60交付3台，L90意向金15台，锁单5台
- **Progress:** 0%
- **Score:** 0
- **Aligned by:**
    - 目标: 7516652006007717916, Owner: yayun.wang (open_id: ou_240214865c91b69f245f50ae36fdb654)

#### Key Results:
1. 每..."
fangyuan.li2,2025 年 7 月,试驾量,2,组,"### 7月L60交付3台，L90意向金15台，锁单5台
- **Progress:** 0%
- **Score:** 0
- **Aligned by:**
    - 目标: 7516652006007717916, Owner: yayun.wang (open_id: ou_240214865c91b69f245f50ae36fdb654)

#### Key Results:
1. 每..."
fangyuan.li2,2025 年 7 月,试驾量,2,组,"### 7月L60交付3台，L90意向金15台，锁单5台
- **Progress:** 0%
- **Score:** 0
- **Aligned by:**
    - 目标: 7516652006007717916, Owner: yayun.wang (open_id: ou_240214865c91b69f245f50ae36fdb654)

#### Key Results:
1. 每..."
fangyuan.li2,2025 年 7 月,锁单量,5,台,"### 7月L60交付3台，L90意向金15台，锁单5台
- **Progress:** 0%
- **Score:** 0
- **Aligned by:**
    - 目标: 7516652006007717916, Owner: yayun.wang (open_id: ou_240214865c91b69f245f50ae36fdb654)

#### Key Results:
1. 每..."
fangyuan.li2,2025 年 7 月,锁单量,5,台,"### 7月L60交付3台，L90意向金15台，锁单5台
- **Progress:** 0%
- **Score:** 0
- **Aligned by:**
    - 目标: 7516652006007717916, Owner: yayun.wang (open_id: ou_240214865c91b69f245f50ae36fdb654)

#### Key Results:
1. 每..."
fangzheng.luo,2025 年 7 月,新增建联量,40,人,"### V2 (多建联多建信):当月新增建联≥40人，总建联人数60人，并持续建信。
- **Progress:** 0%
- **Score:** 0

#### Key Results:
1. 月度新增建联30人(其中主动建联20人，门店路演建联10人
    - Progress: 0%
    - Score: 0
2. A2:建联用户的月度建信100%覆盖，所有建联用户月均建信次数≥3次..."
fangzheng.luo,2025 年 7 月,新增建联量,30,人,"### V2 (多建联多建信):当月新增建联≥40人，总建联人数60人，并持续建信。
- **Progress:** 0%
- **Score:** 0

#### Key Results:
1. 月度新增建联30人(其中主动建联20人，门店路演建联10人
    - Progress: 0%
    - Score: 0
2. A2:建联用户的月度建信100%覆盖，所有建联用户月均建信次数≥3次..."
fangzheng.luo,2025 年 7 月,新增建联量,40,人,"### V2 (多建联多建信):当月新增建联≥40人，总建联人数60人，并持续建信。
- **Progress:** 0%
- **Score:** 0

#### Key Results:
1. 月度新增建联30人(其中主动建联20人，门店路演建联10人
    - Progress: 0%
    - Score: 0
2. A2:建联用户的月度建信100%覆盖，所有建联用户月均建信次数≥3次..."
fangzheng.luo,2025 年 7 月,新增建联量,30,人,"### V2 (多建联多建信):当月新增建联≥40人，总建联人数60人，并持续建信。
- **Progress:** 0%
- **Score:** 0

#### Key Results:
1. 月度新增建联30人(其中主动建联20人，门店路演建联10人
    - Progress: 0%
    - Score: 0
2. A2:建联用户的月度建信100%覆盖，所有建联用户月均建信次数≥3次..."
fangzheng.luo,2025 年 7 月,新增建联量,20,人,"### V2 (多建联多建信):当月新增建联≥40人，总建联人数60人，并持续建信。
- **Progress:** 0%
- **Score:** 0

#### Key Results:
1. 月度新增建联30人(其中主动建联20人，门店路演建联10人
    - Progress: 0%
    - Score: 0
2. A2:建联用户的月度建信100%覆盖，所有建联用户月均建信次数≥3次..."
fangzheng.luo,2025 年 7 月,新增建联量,10,人,"### V2 (多建联多建信):当月新增建联≥40人，总建联人数60人，并持续建信。
- **Progress:** 0%
- **Score:** 0

#### Key Results:
1. 月度新增建联30人(其中主动建联20人，门店路演建联10人
    - Progress: 0%
    - Score: 0
2. A2:建联用户的月度建信100%覆盖，所有建联用户月均建信次数≥3次..."
fangzheng.luo,2025 年 7 月,新增建联量,30,人,"### V2 (多建联多建信):当月新增建联≥40人，总建联人数60人，并持续建信。
- **Progress:** 0%
- **Score:** 0

#### Key Results:
1. 月度新增建联30人(其中主动建联20人，门店路演建联10人
    - Progress: 0%
    - Score: 0
2. A2:建联用户的月度建信100%覆盖，所有建联用户月均建信次数≥3次..."
fangzheng.luo,2025 年 7 月,新增建联量,30,人,"### V2 (多建联多建信):当月新增建联≥40人，总建联人数60人，并持续建信。
- **Progress:** 0%
- **Score:** 0

#### Key Results:
1. 月度新增建联30人(其中主动建联20人，门店路演建联10人
    - Progress: 0%
    - Score: 0
2. A2:建联用户的月度建信100%覆盖，所有建联用户月均建信次数≥3次..."
fangzheng.luo,2025 年 7 月,新增建联量,20,人,"### V2 (多建联多建信):当月新增建联≥40人，总建联人数60人，并持续建信。
- **Progress:** 0%
- **Score:** 0

#### Key Results:
1. 月度新增建联30人(其中主动建联20人，门店路演建联10人
    - Progress: 0%
    - Score: 0
2. A2:建联用户的月度建信100%覆盖，所有建联用户月均建信次数≥3次..."
fangzheng.luo,2025 年 7 月,新增建联量,10,人,"### V2 (多建联多建信):当月新增建联≥40人，总建联人数60人，并持续建信。
- **Progress:** 0%
- **Score:** 0

#### Key Results:
1. 月度新增建联30人(其中主动建联20人，门店路演建联10人
    - Progress: 0%
    - Score: 0
2. A2:建联用户的月度建信100%覆盖，所有建联用户月均建信次数≥3次..."
gaojun.zhao,2025 年 7 月,交付量,1,台,"### 月目标L60交付1台/L90锁单1台
例子35组
FC7日8组/FC30日25组
试驾40组
建信建联150组
- **Progress:** 0%
- **Score:** 0
- **Aligned by:**
    - 目标: 7516653426836258818, Owner: tina.wu1 (open_id: ou_a7610ab5fda83a93ccd1070c455a..."
gaojun.zhao,2025 年 7 月,交付量,1,台,"### 月目标L60交付1台/L90锁单1台
例子35组
FC7日8组/FC30日25组
试驾40组
建信建联150组
- **Progress:** 0%
- **Score:** 0
- **Aligned by:**
    - 目标: 7516653426836258818, Owner: tina.wu1 (open_id: ou_a7610ab5fda83a93ccd1070c455a..."
gaojun.zhao,2025 年 7 月,交付量,1,台,"### 月目标L60交付1台/L90锁单1台
例子35组
FC7日8组/FC30日25组
试驾40组
建信建联150组
- **Progress:** 0%
- **Score:** 0
- **Aligned by:**
    - 目标: 7516653426836258818, Owner: tina.wu1 (open_id: ou_a7610ab5fda83a93ccd1070c455a..."
gaojun.zhao,2025 年 7 月,新增建联量,150,人,"### 月目标L60交付1台/L90锁单1台
例子35组
FC7日8组/FC30日25组
试驾40组
建信建联150组
- **Progress:** 0%
- **Score:** 0
- **Aligned by:**
    - 目标: 7516653426836258818, Owner: tina.wu1 (open_id: ou_a7610ab5fda83a93ccd1070c455a..."
gaojun.zhao,2025 年 7 月,新增建联量,150,人,"### 月目标L60交付1台/L90锁单1台
例子35组
FC7日8组/FC30日25组
试驾40组
建信建联150组
- **Progress:** 0%
- **Score:** 0
- **Aligned by:**
    - 目标: 7516653426836258818, Owner: tina.wu1 (open_id: ou_a7610ab5fda83a93ccd1070c455a..."
gaojun.zhao,2025 年 7 月,试驾量,40,组,"### 月目标L60交付1台/L90锁单1台
例子35组
FC7日8组/FC30日25组
试驾40组
建信建联150组
- **Progress:** 0%
- **Score:** 0
- **Aligned by:**
    - 目标: 7516653426836258818, Owner: tina.wu1 (open_id: ou_a7610ab5fda83a93ccd1070c455a..."
gaojun.zhao,2025 年 7 月,试驾量,40,组,"### 月目标L60交付1台/L90锁单1台
例子35组
FC7日8组/FC30日25组
试驾40组
建信建联150组
- **Progress:** 0%
- **Score:** 0
- **Aligned by:**
    - 目标: 7516653426836258818, Owner: tina.wu1 (open_id: ou_a7610ab5fda83a93ccd1070c455a..."
gaojun.zhao,2025 年 7 月,锁单量,1,台,"### 月目标L60交付1台/L90锁单1台
例子35组
FC7日8组/FC30日25组
试驾40组
建信建联150组
- **Progress:** 0%
- **Score:** 0
- **Aligned by:**
    - 目标: 7516653426836258818, Owner: tina.wu1 (open_id: ou_a7610ab5fda83a93ccd1070c455a..."
gaojun.zhao,2025 年 7 月,锁单量,1,台,"### 月目标L60交付1台/L90锁单1台
例子35组
FC7日8组/FC30日25组
试驾40组
建信建联150组
- **Progress:** 0%
- **Score:** 0
- **Aligned by:**
    - 目标: 7516653426836258818, Owner: tina.wu1 (open_id: ou_a7610ab5fda83a93ccd1070c455a..."
gaojun.zhao,2025 年 7 月,锁单量,1,台,"### 月目标L60交付1台/L90锁单1台
例子35组
FC7日8组/FC30日25组
试驾40组
建信建联150组
- **Progress:** 0%
- **Score:** 0
- **Aligned by:**
    - 目标: 7516653426836258818, Owner: tina.wu1 (open_id: ou_a7610ab5fda83a93ccd1070c455a..."
gin.xu,2025 年 7 月,新增建联量,120,人,"### 3. Fellow 个人VAU
V1(多卖车多赚钱):完成月度车辆销售交付≥X辆(挑战目标Y辆)总利润贡献≥4万元(或者:总亏损<1万元)。
A1:完成试驾>100个(上月为0%)。月度新增机会>80个(上月为20%),合计个人机会池≥150个(上月为 20%),机会到试驾的转化率≥80%(上月为0%)。
A2:月度锁单目标>2辆(上月为0%),试驾到锁单的转化率≥20%(」上月为0%)。..."
gin.xu,2025 年 7 月,新增建联量,120,人,"### 3. Fellow 个人VAU
V1(多卖车多赚钱):完成月度车辆销售交付≥X辆(挑战目标Y辆)总利润贡献≥4万元(或者:总亏损<1万元)。
A1:完成试驾>100个(上月为0%)。月度新增机会>80个(上月为20%),合计个人机会池≥150个(上月为 20%),机会到试驾的转化率≥80%(上月为0%)。
A2:月度锁单目标>2辆(上月为0%),试驾到锁单的转化率≥20%(」上月为0%)。..."
gin.xu,2025 年 7 月,新增建联量,120,人,"### 3. Fellow 个人VAU
V1(多卖车多赚钱):完成月度车辆销售交付≥X辆(挑战目标Y辆)总利润贡献≥4万元(或者:总亏损<1万元)。
A1:完成试驾>100个(上月为0%)。月度新增机会>80个(上月为20%),合计个人机会池≥150个(上月为 20%),机会到试驾的转化率≥80%(上月为0%)。
A2:月度锁单目标>2辆(上月为0%),试驾到锁单的转化率≥20%(」上月为0%)。..."
gin.xu,2025 年 7 月,新增建联量,120,人,"### 3. Fellow 个人VAU
V1(多卖车多赚钱):完成月度车辆销售交付≥X辆(挑战目标Y辆)总利润贡献≥4万元(或者:总亏损<1万元)。
A1:完成试驾>100个(上月为0%)。月度新增机会>80个(上月为20%),合计个人机会池≥150个(上月为 20%),机会到试驾的转化率≥80%(上月为0%)。
A2:月度锁单目标>2辆(上月为0%),试驾到锁单的转化率≥20%(」上月为0%)。..."
gin.xu,2025 年 7 月,新增建联量,80,人,"### 3. Fellow 个人VAU
V1(多卖车多赚钱):完成月度车辆销售交付≥X辆(挑战目标Y辆)总利润贡献≥4万元(或者:总亏损<1万元)。
A1:完成试驾>100个(上月为0%)。月度新增机会>80个(上月为20%),合计个人机会池≥150个(上月为 20%),机会到试驾的转化率≥80%(上月为0%)。
A2:月度锁单目标>2辆(上月为0%),试驾到锁单的转化率≥20%(」上月为0%)。..."
gin.xu,2025 年 7 月,试驾量,100,组,"### 3. Fellow 个人VAU
V1(多卖车多赚钱):完成月度车辆销售交付≥X辆(挑战目标Y辆)总利润贡献≥4万元(或者:总亏损<1万元)。
A1:完成试驾>100个(上月为0%)。月度新增机会>80个(上月为20%),合计个人机会池≥150个(上月为 20%),机会到试驾的转化率≥80%(上月为0%)。
A2:月度锁单目标>2辆(上月为0%),试驾到锁单的转化率≥20%(」上月为0%)。..."
hangzhou.liang,2025 年 7 月,交付量,1,台,"### 多卖车多赚钱：月度交付≥1台，锁单≥2台
A1. 争取7月L60交付1台、交付1台
A2.争取7月L90意向金/锁单任务：1台
- **Progress:** 0%
- **Score:** 0
- **Aligned by:**
    - 目标: 7516653197932412956, Owner: kangjin.hong (open_id: ou_b87709b9ee8ff086..."
hangzhou.liang,2025 年 7 月,交付量,1,台,"### 多卖车多赚钱：月度交付≥1台，锁单≥2台
A1. 争取7月L60交付1台、交付1台
A2.争取7月L90意向金/锁单任务：1台
- **Progress:** 0%
- **Score:** 0
- **Aligned by:**
    - 目标: 7516653197932412956, Owner: kangjin.hong (open_id: ou_b87709b9ee8ff086..."
hangzhou.liang,2025 年 7 月,交付量,1,台,"### 多卖车多赚钱：月度交付≥1台，锁单≥2台
A1. 争取7月L60交付1台、交付1台
A2.争取7月L90意向金/锁单任务：1台
- **Progress:** 0%
- **Score:** 0
- **Aligned by:**
    - 目标: 7516653197932412956, Owner: kangjin.hong (open_id: ou_b87709b9ee8ff086..."
hangzhou.liang,2025 年 7 月,交付量,1,台,"### 多卖车多赚钱：月度交付≥1台，锁单≥2台
A1. 争取7月L60交付1台、交付1台
A2.争取7月L90意向金/锁单任务：1台
- **Progress:** 0%
- **Score:** 0
- **Aligned by:**
    - 目标: 7516653197932412956, Owner: kangjin.hong (open_id: ou_b87709b9ee8ff086..."
hangzhou.liang,2025 年 7 月,交付量,1,台,"### 多卖车多赚钱：月度交付≥1台，锁单≥2台
A1. 争取7月L60交付1台、交付1台
A2.争取7月L90意向金/锁单任务：1台
- **Progress:** 0%
- **Score:** 0
- **Aligned by:**
    - 目标: 7516653197932412956, Owner: kangjin.hong (open_id: ou_b87709b9ee8ff086..."
hangzhou.liang,2025 年 7 月,交付量,1,台,"### 多卖车多赚钱：月度交付≥1台，锁单≥2台
A1. 争取7月L60交付1台、交付1台
A2.争取7月L90意向金/锁单任务：1台
- **Progress:** 0%
- **Score:** 0
- **Aligned by:**
    - 目标: 7516653197932412956, Owner: kangjin.hong (open_id: ou_b87709b9ee8ff086..."
hangzhou.liang,2025 年 7 月,新增建联量,130,人,"### 当月新增建联≥130
单月试驾总数≥50
对建联用户进行稳定建信
小红书丶闲鱼稳定发布和更新进行邀约到店或上门试驾争取进行转化
- **Progress:** 0%
- **Score:** 0
- **Aligned by:**
    - 目标: 7516653197932412956, Owner: kangjin.hong (open_id: ou_b87709b9ee8ff086..."
hangzhou.liang,2025 年 7 月,新增建联量,130,人,"### 当月新增建联≥130
单月试驾总数≥50
对建联用户进行稳定建信
小红书丶闲鱼稳定发布和更新进行邀约到店或上门试驾争取进行转化
- **Progress:** 0%
- **Score:** 0
- **Aligned by:**
    - 目标: 7516653197932412956, Owner: kangjin.hong (open_id: ou_b87709b9ee8ff086..."
hangzhou.liang,2025 年 7 月,锁单量,2,台,"### 多卖车多赚钱：月度交付≥1台，锁单≥2台
A1. 争取7月L60交付1台、交付1台
A2.争取7月L90意向金/锁单任务：1台
- **Progress:** 0%
- **Score:** 0
- **Aligned by:**
    - 目标: 7516653197932412956, Owner: kangjin.hong (open_id: ou_b87709b9ee8ff086..."
hao.zhou10,2025 年 7 月,新增建联量,10,人,"### 完成个人目标4台。
- **Progress:** 0%
- **Score:** 0

#### Key Results:
1. 预计本周完成学院认证，正式上岗，从15号开始正式接待客户，每天建联10+。
建信预计本月6-7组
    - Progress: 0%
    - Score: 0

---"
haoxiang.fang,2025 年 7 月,试驾量,20,组,"### 多卖车多赚钱，完成月度两台锁单，交付一台目标。
- **Progress:** 0%
- **Score:** 0

#### Key Results:
1. 建联每日10个以上，每日call量6个30秒以上，月试驾20组以上。
    - Progress: 0%
    - Score: 0
2. 配合区域售卖中高配车型，比例目标50%，提高售卖利润。
    - Progress: ..."
haoxiang.fang,2025 年 7 月,试驾量,20,组,"### 多卖车多赚钱，完成月度两台锁单，交付一台目标。
- **Progress:** 0%
- **Score:** 0

#### Key Results:
1. 建联每日10个以上，每日call量6个30秒以上，月试驾20组以上。
    - Progress: 0%
    - Score: 0
2. 配合区域售卖中高配车型，比例目标50%，提高售卖利润。
    - Progress: ..."
hong.zhang19,2025 年 7 月,新增建联量,11,人,"### 多建联多建信，当月新增建联大于等于380 建信周度大于等于240 每日建联11组
- **Progress:** 0%
- **Score:** 0
- **Aligned by:**
    - 目标: 7516653428530053148, Owner: siyue.quan (open_id: ou_4dd03a4f2f55f67615868778cc2d52a3)

#### K..."
hong.zhang19,2025 年 7 月,新增建联量,120,人,"### 多建联多建信，当月新增建联大于等于380 建信周度大于等于240 每日建联11组
- **Progress:** 0%
- **Score:** 0
- **Aligned by:**
    - 目标: 7516653428530053148, Owner: siyue.quan (open_id: ou_4dd03a4f2f55f67615868778cc2d52a3)

#### K..."
hong.zhang19,2025 年 7 月,新增建联量,80,人,"### 多建联多建信，当月新增建联大于等于380 建信周度大于等于240 每日建联11组
- **Progress:** 0%
- **Score:** 0
- **Aligned by:**
    - 目标: 7516653428530053148, Owner: siyue.quan (open_id: ou_4dd03a4f2f55f67615868778cc2d52a3)

#### K..."
hong.zhang19,2025 年 7 月,新增建联量,11,人,"### 多建联多建信，当月新增建联大于等于380 建信周度大于等于240 每日建联11组
- **Progress:** 0%
- **Score:** 0
- **Aligned by:**
    - 目标: 7516653428530053148, Owner: siyue.quan (open_id: ou_4dd03a4f2f55f67615868778cc2d52a3)

#### K..."
hong.zhang19,2025 年 7 月,试驾量,3,组,"### 多卖车多卖中高配车型：7月份L60月度锁单大于等于5台 L90锁单大于等于4台  L90意向金12组 月度交付大于等于7台 总利润贡献大于等于0
- **Progress:** 0%
- **Score:** 0
- **Aligned by:**
    - 目标: 7516653428530053148, Owner: siyue.quan (open_id: ou_4dd03a4f2..."
ivan.chen,2025 年 7 月,新增建联量,75,人,"### 参考上周线索68条，本周建联75
- **Progress:** 0%
- **Score:** 0

#### Key Results:
1. 门店接待做好，多听多问多学
    - Progress: 0%
    - Score: 0
2. 路演外展做好，尽可能多留用户
    - Progress: 0%
    - Score: 0
3. 线上线索也是多跟进，把握好机会
    ..."
jack.gao2,2025 年 7 月,锁单量,1,台,"### 月度车辆销售交付 ≥ 2 辆，财务口径门店经营总亏损≤0
- **Progress:** 0%
- **Score:** 0

#### Key Results:
1. 月度试驾总量 ≥ 40人次，月试驾目标为45次，机会到试驾的转化率 ≥ 40%
    - Progress: 0%
    - Score: 0
2. 月度锁单目标1台；其中L60锁单1台，L90锁单1台；L90预定金3..."
jack.gao2,2025 年 7 月,锁单量,1,台,"### 月度车辆销售交付 ≥ 2 辆，财务口径门店经营总亏损≤0
- **Progress:** 0%
- **Score:** 0

#### Key Results:
1. 月度试驾总量 ≥ 40人次，月试驾目标为45次，机会到试驾的转化率 ≥ 40%
    - Progress: 0%
    - Score: 0
2. 月度锁单目标1台；其中L60锁单1台，L90锁单1台；L90预定金3..."
jack.gao2,2025 年 7 月,锁单量,1,台,"### 月度车辆销售交付 ≥ 2 辆，财务口径门店经营总亏损≤0
- **Progress:** 0%
- **Score:** 0

#### Key Results:
1. 月度试驾总量 ≥ 40人次，月试驾目标为45次，机会到试驾的转化率 ≥ 40%
    - Progress: 0%
    - Score: 0
2. 月度锁单目标1台；其中L60锁单1台，L90锁单1台；L90预定金3..."
jack.gao2,2025 年 7 月,锁单量,1,台,"### 月度车辆销售交付 ≥ 2 辆，财务口径门店经营总亏损≤0
- **Progress:** 0%
- **Score:** 0

#### Key Results:
1. 月度试驾总量 ≥ 40人次，月试驾目标为45次，机会到试驾的转化率 ≥ 40%
    - Progress: 0%
    - Score: 0
2. 月度锁单目标1台；其中L60锁单1台，L90锁单1台；L90预定金3..."
jack.gao2,2025 年 7 月,锁单量,1,台,"### 月度车辆销售交付 ≥ 2 辆，财务口径门店经营总亏损≤0
- **Progress:** 0%
- **Score:** 0

#### Key Results:
1. 月度试驾总量 ≥ 40人次，月试驾目标为45次，机会到试驾的转化率 ≥ 40%
    - Progress: 0%
    - Score: 0
2. 月度锁单目标1台；其中L60锁单1台，L90锁单1台；L90预定金3..."
jack.gao2,2025 年 7 月,锁单量,1,台,"### 月度车辆销售交付 ≥ 2 辆，财务口径门店经营总亏损≤0
- **Progress:** 0%
- **Score:** 0

#### Key Results:
1. 月度试驾总量 ≥ 40人次，月试驾目标为45次，机会到试驾的转化率 ≥ 40%
    - Progress: 0%
    - Score: 0
2. 月度锁单目标1台；其中L60锁单1台，L90锁单1台；L90预定金3..."
jenny.cui1,2025 年 7 月,试驾量,2,组,"### 多卖车多赚钱，本月是转正第一个月，需要自己带试驾，自己跟单子，本月目标L60锁2交2，L90锁1，多卖选配。
- **Progress:** 0%
- **Score:** 0
- **Aligned by:**
    - 目标: 7516653429218426881, Owner: wyatt.yu (open_id: ou_a8c95c6364f80c06b8c23c6fe4c94..."
jenny.cui1,2025 年 7 月,试驾量,2,组,"### 多卖车多赚钱，本月是转正第一个月，需要自己带试驾，自己跟单子，本月目标L60锁2交2，L90锁1，多卖选配。
- **Progress:** 0%
- **Score:** 0
- **Aligned by:**
    - 目标: 7516653429218426881, Owner: wyatt.yu (open_id: ou_a8c95c6364f80c06b8c23c6fe4c94..."
jerry.lu2,2025 年 7 月,交付量,24,台,"### （多卖车多赚钱）：月度交付≥24，单车费效
≤2.5万元
- **Progress:** 0%
- **Score:** 0

#### Key Results:
1. 战队伙伴每人每天精准得体试驾2+，试驾后统一模板跟进，人均月度试驾≥60个，人均线索新增大于等于130个，L-TD转化率≥30%
    - Progress: 0%
    - Score: 0
2. 大配置车型销售占比..."
jerry.lu2,2025 年 7 月,试驾量,2,组,"### （多卖车多赚钱）：月度交付≥24，单车费效
≤2.5万元
- **Progress:** 0%
- **Score:** 0

#### Key Results:
1. 战队伙伴每人每天精准得体试驾2+，试驾后统一模板跟进，人均月度试驾≥60个，人均线索新增大于等于130个，L-TD转化率≥30%
    - Progress: 0%
    - Score: 0
2. 大配置车型销售占比..."
jerry.lu2,2025 年 7 月,试驾量,60,组,"### （多卖车多赚钱）：月度交付≥24，单车费效
≤2.5万元
- **Progress:** 0%
- **Score:** 0

#### Key Results:
1. 战队伙伴每人每天精准得体试驾2+，试驾后统一模板跟进，人均月度试驾≥60个，人均线索新增大于等于130个，L-TD转化率≥30%
    - Progress: 0%
    - Score: 0
2. 大配置车型销售占比..."
jia.li12,2025 年 7 月,交付量,1,台,"### (多卖车多赚钱):完成L60月度锁单及交付1.7台(挑战目标4台)，6个月合计10000分
A1）月度L60锁单及交付目标2台
A2）月度试驾量>40组
A3）月度总跟进数>1080组   日跟进量>40组
- **Progress:** 0%
- **Score:** 0

---"
jia.li12,2025 年 7 月,新增建联量,97,人,"### (多建联多建信):月度个人新增建联>97组
A1)月度个人新增建联>97组  
A2)开口获取新增建联目标，每日线索3-5个/人(周中3，周末5)，企业微信添加率80%
A3）在社媒(含朋友圈、小红书、抖音)精心设计、原创内容8篇
- **Progress:** 0%
- **Score:** 0

---"
jia.li12,2025 年 7 月,新增建联量,97,人,"### (多建联多建信):月度个人新增建联>97组
A1)月度个人新增建联>97组  
A2)开口获取新增建联目标，每日线索3-5个/人(周中3，周末5)，企业微信添加率80%
A3）在社媒(含朋友圈、小红书、抖音)精心设计、原创内容8篇
- **Progress:** 0%
- **Score:** 0

---"
jia.li12,2025 年 7 月,新增建联量,97,人,"### (多建联多建信):月度个人新增建联>97组
A1)月度个人新增建联>97组  
A2)开口获取新增建联目标，每日线索3-5个/人(周中3，周末5)，企业微信添加率80%
A3）在社媒(含朋友圈、小红书、抖音)精心设计、原创内容8篇
- **Progress:** 0%
- **Score:** 0

---"
jia.li12,2025 年 7 月,新增建联量,97,人,"### (多建联多建信):月度个人新增建联>97组
A1)月度个人新增建联>97组  
A2)开口获取新增建联目标，每日线索3-5个/人(周中3，周末5)，企业微信添加率80%
A3）在社媒(含朋友圈、小红书、抖音)精心设计、原创内容8篇
- **Progress:** 0%
- **Score:** 0

---"
jia.li12,2025 年 7 月,试驾量,40,组,"### (多卖车多赚钱):完成L60月度锁单及交付1.7台(挑战目标4台)，6个月合计10000分
A1）月度L60锁单及交付目标2台
A2）月度试驾量>40组
A3）月度总跟进数>1080组   日跟进量>40组
- **Progress:** 0%
- **Score:** 0

---"
jia.liu14,2025 年 7 月,新增建联量,40,人,"### 当月完成40个新增建联，试驾25个，当月破蛋
当日目标2个新增建联，1个邀约试驾，企业微信互动10
- **Progress:** 0%
- **Score:** 0

#### Key Results:
1. 月度完成试驾≥20个；月度新增建联>40个，机会到试驾的转化率≥50%
当班每日严闭环2新增建联+1试驾+1排程+企微互动10，完成基础工作达成
    - Progress: 0..."
jia.liu14,2025 年 7 月,新增建联量,40,人,"### 当月完成40个新增建联，试驾25个，当月破蛋
当日目标2个新增建联，1个邀约试驾，企业微信互动10
- **Progress:** 0%
- **Score:** 0

#### Key Results:
1. 月度完成试驾≥20个；月度新增建联>40个，机会到试驾的转化率≥50%
当班每日严闭环2新增建联+1试驾+1排程+企微互动10，完成基础工作达成
    - Progress: 0..."
jia.liu14,2025 年 7 月,试驾量,25,组,"### 当月完成40个新增建联，试驾25个，当月破蛋
当日目标2个新增建联，1个邀约试驾，企业微信互动10
- **Progress:** 0%
- **Score:** 0

#### Key Results:
1. 月度完成试驾≥20个；月度新增建联>40个，机会到试驾的转化率≥50%
当班每日严闭环2新增建联+1试驾+1排程+企微互动10，完成基础工作达成
    - Progress: 0..."
jia.liu14,2025 年 7 月,试驾量,20,组,"### 当月完成40个新增建联，试驾25个，当月破蛋
当日目标2个新增建联，1个邀约试驾，企业微信互动10
- **Progress:** 0%
- **Score:** 0

#### Key Results:
1. 月度完成试驾≥20个；月度新增建联>40个，机会到试驾的转化率≥50%
当班每日严闭环2新增建联+1试驾+1排程+企微互动10，完成基础工作达成
    - Progress: 0..."
jia.liu14,2025 年 7 月,试驾量,25,组,"### 当月完成40个新增建联，试驾25个，当月破蛋
当日目标2个新增建联，1个邀约试驾，企业微信互动10
- **Progress:** 0%
- **Score:** 0

#### Key Results:
1. 月度完成试驾≥20个；月度新增建联>40个，机会到试驾的转化率≥50%
当班每日严闭环2新增建联+1试驾+1排程+企微互动10，完成基础工作达成
    - Progress: 0..."
jiajun.wang6,2025 年 7 月,新增建联量,2,人,"### 多建联多建信：新增建联2人/天，并持续建信。
- **Progress:** 0%
- **Score:** 0
- **Aligned by:**
    - 目标: 7516653430569517084, Owner: austin.shen (open_id: ou_b398e4739481c6ea61a66e5f39d19050)

#### Key Results:
1. 月度..."
jiajun.wang6,2025 年 7 月,新增建联量,100,人,"### 多建联多建信：新增建联2人/天，并持续建信。
- **Progress:** 0%
- **Score:** 0
- **Aligned by:**
    - 目标: 7516653430569517084, Owner: austin.shen (open_id: ou_b398e4739481c6ea61a66e5f39d19050)

#### Key Results:
1. 月度..."
jiajun.wang6,2025 年 7 月,新增建联量,2,人,"### 多建联多建信：新增建联2人/天，并持续建信。
- **Progress:** 0%
- **Score:** 0
- **Aligned by:**
    - 目标: 7516653430569517084, Owner: austin.shen (open_id: ou_b398e4739481c6ea61a66e5f39d19050)

#### Key Results:
1. 月度..."
jiajun.wang6,2025 年 7 月,新增建联量,100,人,"### 多建联多建信：新增建联2人/天，并持续建信。
- **Progress:** 0%
- **Score:** 0
- **Aligned by:**
    - 目标: 7516653430569517084, Owner: austin.shen (open_id: ou_b398e4739481c6ea61a66e5f39d19050)

#### Key Results:
1. 月度..."
jiajun.wang6,2025 年 7 月,新增建联量,40,人,"### 多建联多建信：新增建联2人/天，并持续建信。
- **Progress:** 0%
- **Score:** 0
- **Aligned by:**
    - 目标: 7516653430569517084, Owner: austin.shen (open_id: ou_b398e4739481c6ea61a66e5f39d19050)

#### Key Results:
1. 月度..."
jiajun.wang6,2025 年 7 月,新增建联量,2,人,"### 多建联多建信：新增建联2人/天，并持续建信。
- **Progress:** 0%
- **Score:** 0
- **Aligned by:**
    - 目标: 7516653430569517084, Owner: austin.shen (open_id: ou_b398e4739481c6ea61a66e5f39d19050)

#### Key Results:
1. 月度..."
jiajun.wang6,2025 年 7 月,新增建联量,2,人,"### 多建联多建信：新增建联2人/天，并持续建信。
- **Progress:** 0%
- **Score:** 0
- **Aligned by:**
    - 目标: 7516653430569517084, Owner: austin.shen (open_id: ou_b398e4739481c6ea61a66e5f39d19050)

#### Key Results:
1. 月度..."
jiajun.zheng2,2025 年 7 月,交付量,2,台,"### （多卖车多赚钱）：7月L60目标订单1台，挑战交付2台
- **Progress:** 0%
- **Score:** 0

#### Key Results:
1. 多打用户电话，扩大基本盘，增加手中用户数量
    - Progress: 0%
    - Score: 0
2. 工作日每天新增邀约试驾用户1组，周六日门店试驾，增加试驾量利用现有优惠政策促单
    - Progres..."
jiajun.zheng2,2025 年 7 月,交付量,2,台,"### （多卖车多赚钱）：7月L60目标订单1台，挑战交付2台
- **Progress:** 0%
- **Score:** 0

#### Key Results:
1. 多打用户电话，扩大基本盘，增加手中用户数量
    - Progress: 0%
    - Score: 0
2. 工作日每天新增邀约试驾用户1组，周六日门店试驾，增加试驾量利用现有优惠政策促单
    - Progres..."
jiale.gao,2025 年 7 月,交付量,1,台,"### 完成月度车辆销售交付≥1辆
- **Progress:** 0%
- **Score:** 0

#### Key Results:
1. 完成试驾 ≥10个。月度新增购车需求≥ X 个（上月为Y个），个人合计购车需求池≥50个，机会到试驾的转化率≥10%。
    - Progress: 0%
    - Score: 0
2. 月度锁单目标≥1辆，试驾到锁单的转化率≥10%。
    ..."
jiale.gao,2025 年 7 月,新增建联量,100,人,"### 当月新增建联≥100人，总建联人数≥100人，并持续建信。
- **Progress:** 0%
- **Score:** 0

#### Key Results:
1. 月度新增建联≥100人
    - Progress: 0%
    - Score: 0
2. 建联用户的月度建信100%覆盖，所有建联用户月均建信次数≥3次
    - Progress: 0%
    - Scor..."
jiale.gao,2025 年 7 月,新增建联量,100,人,"### 当月新增建联≥100人，总建联人数≥100人，并持续建信。
- **Progress:** 0%
- **Score:** 0

#### Key Results:
1. 月度新增建联≥100人
    - Progress: 0%
    - Score: 0
2. 建联用户的月度建信100%覆盖，所有建联用户月均建信次数≥3次
    - Progress: 0%
    - Scor..."
jiale.gao,2025 年 7 月,新增建联量,100,人,"### 当月新增建联≥100人，总建联人数≥100人，并持续建信。
- **Progress:** 0%
- **Score:** 0

#### Key Results:
1. 月度新增建联≥100人
    - Progress: 0%
    - Score: 0
2. 建联用户的月度建信100%覆盖，所有建联用户月均建信次数≥3次
    - Progress: 0%
    - Scor..."
jiale.gao,2025 年 7 月,新增建联量,100,人,"### 当月新增建联≥100人，总建联人数≥100人，并持续建信。
- **Progress:** 0%
- **Score:** 0

#### Key Results:
1. 月度新增建联≥100人
    - Progress: 0%
    - Score: 0
2. 建联用户的月度建信100%覆盖，所有建联用户月均建信次数≥3次
    - Progress: 0%
    - Scor..."
jian.li27,2025 年 7 月,锁单量,3,台,"### 多卖车多赚钱：L60锁车、提车≥3台
L90锁车≥3台
- **Progress:** 0%
- **Score:** 0

#### Key Results:
1. L60高配车型≥2
L60低配车型≥1
L90大定≥3
L90锁单≥3
    - Progress: 0%
    - Score: 0

---"
jianan.wu,2025 年 7 月,试驾量,1,组,"### 几个方面:
1.明天的工作规划：40接通，2试驾1tss
手里有意向用户但是不确定什么时候来
进度：回访老用户，拓展新用户，多收点例子
青州展厅多收线索，先在青州种草多加一些高意向看看能转化到90上
门店尽量接客泡一下试驾
- **Progress:** 0%
- **Score:** 0
- **Aligns to:**
    - 目标: 7519269711526232066, Ow..."
jianrui.deng2,2025 年 7 月,新增建联量,3,人,"### 保证质量建联，做到人均建联≥3/天。
- **Progress:** 0%
- **Score:** 0
- **Aligned by:**
    - 目标: 7516651185101832220, Owner: jingyang.huang (open_id: ou_1e081c03cb8b2a818b0ad00042e85ef2)
    - 目标: 751665118510183..."
jiashuo.zhang,2025 年 7 月,交付量,2,台,"### （多买车多赚钱）L60,月交付量2台，atv点数1800，实现个人盈利
- **Progress:** 0%
- **Score:** 0

#### Key Results:
1. 平均每日新增L60建联数3-5条
    - Progress: 0%
    - Score: 0
2. 每周L60试驾量10组
    - Progress: 0%
    - Score: 0
3. L..."
jiashuo.zhang,2025 年 7 月,新增建联量,13,人,"### （多建联多建信）平均每日新增L60建联2-5条，L90新增建联13-15条，每日建信量50+
- **Progress:** 0%
- **Score:** 0

#### Key Results:
1. 门店接待，留资率90%
    - Progress: 0%
    - Score: 0
2. 每日小红书和朋友圈2-3条
    - Progress: 0%
    - Score..."
jiashuo.zhang,2025 年 7 月,新增建联量,2,人,"### （多建联多建信）平均每日新增L60建联2-5条，L90新增建联13-15条，每日建信量50+
- **Progress:** 0%
- **Score:** 0

#### Key Results:
1. 门店接待，留资率90%
    - Progress: 0%
    - Score: 0
2. 每日小红书和朋友圈2-3条
    - Progress: 0%
    - Score..."
jiashuo.zhang,2025 年 7 月,新增建联量,13,人,"### （多建联多建信）平均每日新增L60建联2-5条，L90新增建联13-15条，每日建信量50+
- **Progress:** 0%
- **Score:** 0

#### Key Results:
1. 门店接待，留资率90%
    - Progress: 0%
    - Score: 0
2. 每日小红书和朋友圈2-3条
    - Progress: 0%
    - Score..."
jiashuo.zhang,2025 年 7 月,试驾量,10,组,"### （多买车多赚钱）L60,月交付量2台，atv点数1800，实现个人盈利
- **Progress:** 0%
- **Score:** 0

#### Key Results:
1. 平均每日新增L60建联数3-5条
    - Progress: 0%
    - Score: 0
2. 每周L60试驾量10组
    - Progress: 0%
    - Score: 0
3. L..."
jiawen.li8,2025 年 7 月,交付量,33,台,"### 多卖车多赚钱：月度车辆销售交付≥33台挑战目标42台。上月双门店交付22台
- **Progress:** 0%
- **Score:** 0
- **Aligned by:**
    - 目标: 7516653197932019740, Owner: zhilin.gao (open_id: ou_5d6dd2083e9ce51487a48ca0820e7378)
    - 目标: ..."
jiawen.li8,2025 年 7 月,交付量,22,台,"### 多卖车多赚钱：月度车辆销售交付≥33台挑战目标42台。上月双门店交付22台
- **Progress:** 0%
- **Score:** 0
- **Aligned by:**
    - 目标: 7516653197932019740, Owner: zhilin.gao (open_id: ou_5d6dd2083e9ce51487a48ca0820e7378)
    - 目标: ..."
jiawen.li8,2025 年 7 月,交付量,22,台,"### 多卖车多赚钱：月度车辆销售交付≥33台挑战目标42台。上月双门店交付22台
- **Progress:** 0%
- **Score:** 0
- **Aligned by:**
    - 目标: 7516653197932019740, Owner: zhilin.gao (open_id: ou_5d6dd2083e9ce51487a48ca0820e7378)
    - 目标: ..."
jiawen.wu2,2025 年 7 月,交付量,3,台,"### 多卖车多赚钱
- **Progress:** 0%
- **Score:** 0
- **Aligned by:**
    - 目标: 7516653426836832258, Owner: mengting.xie (open_id: ou_39090c7e5748582791cd6095f6ce6baa)

#### Key Results:
1. 7月L60车型交付≥3台
    ..."
jiawen.wu2,2025 年 7 月,新增建联量,120,人,"### 多建联多建信:月度建联总量大于等于150人，
新增建联≥120人
- **Progress:** 0%
- **Score:** 0
- **Aligned by:**
    - 目标: 7516653426836832258, Owner: mengting.xie (open_id: ou_39090c7e5748582791cd6095f6ce6baa)

#### Key Res..."
jiawen.wu2,2025 年 7 月,新增建联量,150,人,"### 多建联多建信:月度建联总量大于等于150人，
新增建联≥120人
- **Progress:** 0%
- **Score:** 0
- **Aligned by:**
    - 目标: 7516653426836832258, Owner: mengting.xie (open_id: ou_39090c7e5748582791cd6095f6ce6baa)

#### Key Res..."
jiawen.wu2,2025 年 7 月,新增建联量,120,人,"### 多建联多建信:月度建联总量大于等于150人，
新增建联≥120人
- **Progress:** 0%
- **Score:** 0
- **Aligned by:**
    - 目标: 7516653426836832258, Owner: mengting.xie (open_id: ou_39090c7e5748582791cd6095f6ce6baa)

#### Key Res..."
jiawen.wu2,2025 年 7 月,新增建联量,150,人,"### 多建联多建信:月度建联总量大于等于150人，
新增建联≥120人
- **Progress:** 0%
- **Score:** 0
- **Aligned by:**
    - 目标: 7516653426836832258, Owner: mengting.xie (open_id: ou_39090c7e5748582791cd6095f6ce6baa)

#### Key Res..."
jiawen.wu2,2025 年 7 月,新增建联量,40,人,"### 多建联多建信:月度建联总量大于等于150人，
新增建联≥120人
- **Progress:** 0%
- **Score:** 0
- **Aligned by:**
    - 目标: 7516653426836832258, Owner: mengting.xie (open_id: ou_39090c7e5748582791cd6095f6ce6baa)

#### Key Res..."
jiawen.wu2,2025 年 7 月,锁单量,6,台,"### 多卖车多赚钱
- **Progress:** 0%
- **Score:** 0
- **Aligned by:**
    - 目标: 7516653426836832258, Owner: mengting.xie (open_id: ou_39090c7e5748582791cd6095f6ce6baa)

#### Key Results:
1. 7月L60车型交付≥3台
    ..."
jiawen.wu2,2025 年 7 月,锁单量,6,台,"### 多卖车多赚钱
- **Progress:** 0%
- **Score:** 0
- **Aligned by:**
    - 目标: 7516653426836832258, Owner: mengting.xie (open_id: ou_39090c7e5748582791cd6095f6ce6baa)

#### Key Results:
1. 7月L60车型交付≥3台
    ..."
jimmy.ye,2025 年 7 月,交付量,1,台,"### （多卖车多赚钱）：月度车辆销售交付≥1辆（挑战目标2辆），财务上达成Q3利润目标，确保增量投入的使用效率。
- **Progress:** 0%
- **Score:** 0
- **Aligned by:**
    - 目标: 7516653430569517084, Owner: austin.shen (open_id: ou_b398e4739481c6ea61a66e5f39d..."
jimmy.ye,2025 年 7 月,交付量,1,台,"### （能力成长）：持续学习
- **Progress:** 0%
- **Score:** 0
- **Aligned by:**
    - 目标: 7516653430569517084, Owner: austin.shen (open_id: ou_b398e4739481c6ea61a66e5f39d19050)

#### Key Results:
1. 多向buddy学习，不懂就..."
jimmy.ye,2025 年 7 月,交付量,1,台,"### （能力成长）：持续学习
- **Progress:** 0%
- **Score:** 0
- **Aligned by:**
    - 目标: 7516653430569517084, Owner: austin.shen (open_id: ou_b398e4739481c6ea61a66e5f39d19050)

#### Key Results:
1. 多向buddy学习，不懂就..."
jimmy.ye,2025 年 7 月,新增建联量,100,人,"### 多打电话多去主动建联，并保持持续建信
- **Progress:** 0%
- **Score:** 0
- **Aligned by:**
    - 目标: 7516653430569517084, Owner: austin.shen (open_id: ou_b398e4739481c6ea61a66e5f39d19050)
    - 目标: 751665343056951708..."
jimmy.ye,2025 年 7 月,新增建联量,100,人,"### 多打电话多去主动建联，并保持持续建信
- **Progress:** 0%
- **Score:** 0
- **Aligned by:**
    - 目标: 7516653430569517084, Owner: austin.shen (open_id: ou_b398e4739481c6ea61a66e5f39d19050)
    - 目标: 751665343056951708..."
jimmy.ye,2025 年 7 月,新增建联量,40,人,"### 多打电话多去主动建联，并保持持续建信
- **Progress:** 0%
- **Score:** 0
- **Aligned by:**
    - 目标: 7516653430569517084, Owner: austin.shen (open_id: ou_b398e4739481c6ea61a66e5f39d19050)
    - 目标: 751665343056951708..."
jimmy.ye,2025 年 7 月,试驾量,1,组,"### （多卖车多赚钱）：月度车辆销售交付≥1辆（挑战目标2辆），财务上达成Q3利润目标，确保增量投入的使用效率。
- **Progress:** 0%
- **Score:** 0
- **Aligned by:**
    - 目标: 7516653430569517084, Owner: austin.shen (open_id: ou_b398e4739481c6ea61a66e5f39d..."
jimmy.ye,2025 年 7 月,试驾量,2,组,"### （多卖车多赚钱）：月度车辆销售交付≥1辆（挑战目标2辆），财务上达成Q3利润目标，确保增量投入的使用效率。
- **Progress:** 0%
- **Score:** 0
- **Aligned by:**
    - 目标: 7516653430569517084, Owner: austin.shen (open_id: ou_b398e4739481c6ea61a66e5f39d..."
jing.yang15,2025 年 7 月,交付量,2,台,"### (多卖车多赚钱):完成L60月度锁单及交付2台(挑战目标4台)
A1) 月度L60锁单及交付目标2台

A2）月度试驾量>40组

A3）月度总跟进数>1080组 日跟进量>40组
- **Progress:** 0%
- **Score:** 0
- **Aligned by:**
    - 目标: 7516653429093908482, Owner: zhengrui.liu (o..."
jing.yang15,2025 年 7 月,交付量,2,台,"### (多卖车多赚钱):完成L60月度锁单及交付2台(挑战目标4台)
A1) 月度L60锁单及交付目标2台

A2）月度试驾量>40组

A3）月度总跟进数>1080组 日跟进量>40组
- **Progress:** 0%
- **Score:** 0
- **Aligned by:**
    - 目标: 7516653429093908482, Owner: zhengrui.liu (o..."
jing.yang15,2025 年 7 月,新增建联量,97,人,"### (多建联多建信):月度个人新增建联>97组
A1)月度个人新增建联>97组 
A2)开口获取新增建联目标，每日线索3-5个/人(周中3，周末5)，企业微信添加率80%
A3 在社媒(含朋友圈、小红书、抖音)精心设计、原创内容8篇
- **Progress:** 0%
- **Score:** 0
- **Aligned by:**
    - 目标: 7516653429093908482..."
jing.yang15,2025 年 7 月,新增建联量,97,人,"### (多建联多建信):月度个人新增建联>97组
A1)月度个人新增建联>97组 
A2)开口获取新增建联目标，每日线索3-5个/人(周中3，周末5)，企业微信添加率80%
A3 在社媒(含朋友圈、小红书、抖音)精心设计、原创内容8篇
- **Progress:** 0%
- **Score:** 0
- **Aligned by:**
    - 目标: 7516653429093908482..."
jing.yang15,2025 年 7 月,新增建联量,97,人,"### (多建联多建信):月度个人新增建联>97组
A1)月度个人新增建联>97组 
A2)开口获取新增建联目标，每日线索3-5个/人(周中3，周末5)，企业微信添加率80%
A3 在社媒(含朋友圈、小红书、抖音)精心设计、原创内容8篇
- **Progress:** 0%
- **Score:** 0
- **Aligned by:**
    - 目标: 7516653429093908482..."
jing.yang15,2025 年 7 月,新增建联量,97,人,"### (多建联多建信):月度个人新增建联>97组
A1)月度个人新增建联>97组 
A2)开口获取新增建联目标，每日线索3-5个/人(周中3，周末5)，企业微信添加率80%
A3 在社媒(含朋友圈、小红书、抖音)精心设计、原创内容8篇
- **Progress:** 0%
- **Score:** 0
- **Aligned by:**
    - 目标: 7516653429093908482..."
jing.yang15,2025 年 7 月,试驾量,40,组,"### (多卖车多赚钱):完成L60月度锁单及交付2台(挑战目标4台)
A1) 月度L60锁单及交付目标2台

A2）月度试驾量>40组

A3）月度总跟进数>1080组 日跟进量>40组
- **Progress:** 0%
- **Score:** 0
- **Aligned by:**
    - 目标: 7516653429093908482, Owner: zhengrui.liu (o..."
joey.zhang4,2025 年 7 月,试驾量,2,组,"### 完成个人日常数据以及月度目标
- **Progress:** 0%
- **Score:** 0
- **Aligned by:**
    - 目标: 7516651185101717532, Owner: luvian.liu (open_id: ou_e8bceb53fc173672069468a7a52d8c10)
    - 目标: 7516576689481678867, Ow..."
juncheng.wang2,2025 年 7 月,交付量,2,台,"### （多卖车多赚钱）：完成L60月度锁单及交付2台（挑战目标4台）完成L90意向金5台（挑战目标10台）
- **Progress:** 0%
- **Score:** 0

#### Key Results:
1. 月度L60锁单及交付目标2台 L90意向金5台
    - Progress: 0%
    - Score: 0
2. 月度试驾量>40组
    - Progress: 0%..."
juncheng.wang2,2025 年 7 月,交付量,2,台,"### （多卖车多赚钱）：完成L60月度锁单及交付2台（挑战目标4台）完成L90意向金5台（挑战目标10台）
- **Progress:** 0%
- **Score:** 0

#### Key Results:
1. 月度L60锁单及交付目标2台 L90意向金5台
    - Progress: 0%
    - Score: 0
2. 月度试驾量>40组
    - Progress: 0%..."
juncheng.wang2,2025 年 7 月,新增建联量,97,人,"### （多建联多建信）：月度个人新增建联>97组
- **Progress:** 0%
- **Score:** 0

#### Key Results:
1. 月度个人新增建联>97组
    - Progress: 0%
    - Score: 0
2. 开口获取新增建联目标，每日线索3-5个/人（周中3，周末5），企业微信添加率80%
    - Progress: 0%
    - S..."
juncheng.wang2,2025 年 7 月,新增建联量,97,人,"### （多建联多建信）：月度个人新增建联>97组
- **Progress:** 0%
- **Score:** 0

#### Key Results:
1. 月度个人新增建联>97组
    - Progress: 0%
    - Score: 0
2. 开口获取新增建联目标，每日线索3-5个/人（周中3，周末5），企业微信添加率80%
    - Progress: 0%
    - S..."
juncheng.wang2,2025 年 7 月,新增建联量,97,人,"### （多建联多建信）：月度个人新增建联>97组
- **Progress:** 0%
- **Score:** 0

#### Key Results:
1. 月度个人新增建联>97组
    - Progress: 0%
    - Score: 0
2. 开口获取新增建联目标，每日线索3-5个/人（周中3，周末5），企业微信添加率80%
    - Progress: 0%
    - S..."
juncheng.wang2,2025 年 7 月,新增建联量,97,人,"### （多建联多建信）：月度个人新增建联>97组
- **Progress:** 0%
- **Score:** 0

#### Key Results:
1. 月度个人新增建联>97组
    - Progress: 0%
    - Score: 0
2. 开口获取新增建联目标，每日线索3-5个/人（周中3，周末5），企业微信添加率80%
    - Progress: 0%
    - S..."
juncheng.wang2,2025 年 7 月,试驾量,40,组,"### （多卖车多赚钱）：完成L60月度锁单及交付2台（挑战目标4台）完成L90意向金5台（挑战目标10台）
- **Progress:** 0%
- **Score:** 0

#### Key Results:
1. 月度L60锁单及交付目标2台 L90意向金5台
    - Progress: 0%
    - Score: 0
2. 月度试驾量>40组
    - Progress: 0%..."
junwei.lin,2025 年 7 月,交付量,3,台,"### 建联目标125，试驾50，交付3.
- **Progress:** 0%
- **Score:** 0
- **Aligned by:**
    - 目标: 7516653428652244993, Owner: gabor.zhan (open_id: ou_b8cbc97aea607f8b278aab04fe1e8511)

#### Key Results:
1. 每周建联32组，..."
junwei.lin,2025 年 7 月,新增建联量,32,人,"### 建联目标125，试驾50，交付3.
- **Progress:** 0%
- **Score:** 0
- **Aligned by:**
    - 目标: 7516653428652244993, Owner: gabor.zhan (open_id: ou_b8cbc97aea607f8b278aab04fe1e8511)

#### Key Results:
1. 每周建联32组，..."
junwei.lin,2025 年 7 月,新增建联量,32,人,"### 建联目标125，试驾50，交付3.
- **Progress:** 0%
- **Score:** 0
- **Aligned by:**
    - 目标: 7516653428652244993, Owner: gabor.zhan (open_id: ou_b8cbc97aea607f8b278aab04fe1e8511)

#### Key Results:
1. 每周建联32组，..."
junwei.lin,2025 年 7 月,新增建联量,50,人,"### 主动建联50组
- **Progress:** 0%
- **Score:** 0
- **Aligned by:**
    - 目标: 7516653428652244993, Owner: gabor.zhan (open_id: ou_b8cbc97aea607f8b278aab04fe1e8511)

#### Key Results:
1. 外出拜访地产车行的朋友前同事
   ..."
junwei.lin,2025 年 7 月,新增建联量,50,人,"### 主动建联50组
- **Progress:** 0%
- **Score:** 0
- **Aligned by:**
    - 目标: 7516653428652244993, Owner: gabor.zhan (open_id: ou_b8cbc97aea607f8b278aab04fe1e8511)

#### Key Results:
1. 外出拜访地产车行的朋友前同事
   ..."
junwei.lin,2025 年 7 月,试驾量,50,组,"### 建联目标125，试驾50，交付3.
- **Progress:** 0%
- **Score:** 0
- **Aligned by:**
    - 目标: 7516653428652244993, Owner: gabor.zhan (open_id: ou_b8cbc97aea607f8b278aab04fe1e8511)

#### Key Results:
1. 每周建联32组，..."
junwei.lin,2025 年 7 月,试驾量,13,组,"### 建联目标125，试驾50，交付3.
- **Progress:** 0%
- **Score:** 0
- **Aligned by:**
    - 目标: 7516653428652244993, Owner: gabor.zhan (open_id: ou_b8cbc97aea607f8b278aab04fe1e8511)

#### Key Results:
1. 每周建联32组，..."
junwei.lin,2025 年 7 月,试驾量,13,组,"### 建联目标125，试驾50，交付3.
- **Progress:** 0%
- **Score:** 0
- **Aligned by:**
    - 目标: 7516653428652244993, Owner: gabor.zhan (open_id: ou_b8cbc97aea607f8b278aab04fe1e8511)

#### Key Results:
1. 每周建联32组，..."
junwei.lin,2025 年 7 月,锁单量,1,台,"### 建联目标125，试驾50，交付3.
- **Progress:** 0%
- **Score:** 0
- **Aligned by:**
    - 目标: 7516653428652244993, Owner: gabor.zhan (open_id: ou_b8cbc97aea607f8b278aab04fe1e8511)

#### Key Results:
1. 每周建联32组，..."
kai.wei2,2025 年 7 月,交付量,2,台,"### 本月完成目标锁单3，交付2
- **Progress:** 0%
- **Score:** 0
- **Aligned by:**
    - 目标: 7516653429094875138, Owner: zheng.fang5 (open_id: ou_21b3e2ef823a569a683eee85150d05f4)
    - 目标: 7516653429094875138, Ow..."
kai.wei2,2025 年 7 月,锁单量,3,台,"### 本月完成目标锁单3，交付2
- **Progress:** 0%
- **Score:** 0
- **Aligned by:**
    - 目标: 7516653429094875138, Owner: zheng.fang5 (open_id: ou_21b3e2ef823a569a683eee85150d05f4)
    - 目标: 7516653429094875138, Ow..."
kaixiong.wang,2025 年 7 月,交付量,1,台,"### 七月份交付1台，L90大定4台，锁单两台
- **Progress:** 0%
- **Score:** 0
- **Aligned by:**
    - 目标: 7516653430188032002, Owner: miao.wang4 (open_id: ou_9c87bd758f522a0ca307064d9ff71b43)

#### Key Results:
1. 月度试驾总..."
kaixiong.wang,2025 年 7 月,交付量,1,台,"### 七月份交付1台，L90大定4台，锁单两台
- **Progress:** 0%
- **Score:** 0
- **Aligned by:**
    - 目标: 7516653430188032002, Owner: miao.wang4 (open_id: ou_9c87bd758f522a0ca307064d9ff71b43)

#### Key Results:
1. 月度试驾总..."
kaixiong.wang,2025 年 7 月,锁单量,1,台,"### 七月份交付1台，L90大定4台，锁单两台
- **Progress:** 0%
- **Score:** 0
- **Aligned by:**
    - 目标: 7516653430188032002, Owner: miao.wang4 (open_id: ou_9c87bd758f522a0ca307064d9ff71b43)

#### Key Results:
1. 月度试驾总..."
kaixiong.wang,2025 年 7 月,锁单量,2,台,"### 七月份交付1台，L90大定4台，锁单两台
- **Progress:** 0%
- **Score:** 0
- **Aligned by:**
    - 目标: 7516653430188032002, Owner: miao.wang4 (open_id: ou_9c87bd758f522a0ca307064d9ff71b43)

#### Key Results:
1. 月度试驾总..."
kaixiong.wang,2025 年 7 月,锁单量,1,台,"### 七月份交付1台，L90大定4台，锁单两台
- **Progress:** 0%
- **Score:** 0
- **Aligned by:**
    - 目标: 7516653430188032002, Owner: miao.wang4 (open_id: ou_9c87bd758f522a0ca307064d9ff71b43)

#### Key Results:
1. 月度试驾总..."
kaixiong.wang,2025 年 7 月,锁单量,2,台,"### 七月份交付1台，L90大定4台，锁单两台
- **Progress:** 0%
- **Score:** 0
- **Aligned by:**
    - 目标: 7516653430188032002, Owner: miao.wang4 (open_id: ou_9c87bd758f522a0ca307064d9ff71b43)

#### Key Results:
1. 月度试驾总..."
kaixiong.wang,2025 年 7 月,锁单量,1,台,"### 七月份交付1台，L90大定4台，锁单两台
- **Progress:** 0%
- **Score:** 0
- **Aligned by:**
    - 目标: 7516653430188032002, Owner: miao.wang4 (open_id: ou_9c87bd758f522a0ca307064d9ff71b43)

#### Key Results:
1. 月度试驾总..."
kaixiong.wang,2025 年 7 月,锁单量,2,台,"### 七月份交付1台，L90大定4台，锁单两台
- **Progress:** 0%
- **Score:** 0
- **Aligned by:**
    - 目标: 7516653430188032002, Owner: miao.wang4 (open_id: ou_9c87bd758f522a0ca307064d9ff71b43)

#### Key Results:
1. 月度试驾总..."
kennys.shen,2025 年 7 月,新增建联量,95,人,"### 多建联多建信：月度新增建联≥95 人，并持续建信。
- **Progress:** 0%
- **Score:** 0
- **Aligned by:**
    - 目标: 7516570272549879811, Owner: jiemin.zhou (open_id: ou_939322f894b92ea23d51ec23762b7106)

#### Key Results:
1...."
kennys.shen,2025 年 7 月,新增建联量,95,人,"### 多建联多建信：月度新增建联≥95 人，并持续建信。
- **Progress:** 0%
- **Score:** 0
- **Aligned by:**
    - 目标: 7516570272549879811, Owner: jiemin.zhou (open_id: ou_939322f894b92ea23d51ec23762b7106)

#### Key Results:
1...."
kennys.shen,2025 年 7 月,新增建联量,65,人,"### 多建联多建信：月度新增建联≥95 人，并持续建信。
- **Progress:** 0%
- **Score:** 0
- **Aligned by:**
    - 目标: 7516570272549879811, Owner: jiemin.zhou (open_id: ou_939322f894b92ea23d51ec23762b7106)

#### Key Results:
1...."
kennys.shen,2025 年 7 月,新增建联量,45,人,"### 多建联多建信：月度新增建联≥95 人，并持续建信。
- **Progress:** 0%
- **Score:** 0
- **Aligned by:**
    - 目标: 7516570272549879811, Owner: jiemin.zhou (open_id: ou_939322f894b92ea23d51ec23762b7106)

#### Key Results:
1...."
kennys.shen,2025 年 7 月,新增建联量,45,人,"### 多建联多建信：月度新增建联≥95 人，并持续建信。
- **Progress:** 0%
- **Score:** 0
- **Aligned by:**
    - 目标: 7516570272549879811, Owner: jiemin.zhou (open_id: ou_939322f894b92ea23d51ec23762b7106)

#### Key Results:
1...."
kennys.shen,2025 年 7 月,新增建联量,25,人,"### 多建联多建信：月度新增建联≥95 人，并持续建信。
- **Progress:** 0%
- **Score:** 0
- **Aligned by:**
    - 目标: 7516570272549879811, Owner: jiemin.zhou (open_id: ou_939322f894b92ea23d51ec23762b7106)

#### Key Results:
1...."
kennys.shen,2025 年 7 月,新增建联量,65,人,"### 多建联多建信：月度新增建联≥95 人，并持续建信。
- **Progress:** 0%
- **Score:** 0
- **Aligned by:**
    - 目标: 7516570272549879811, Owner: jiemin.zhou (open_id: ou_939322f894b92ea23d51ec23762b7106)

#### Key Results:
1...."
kennys.shen,2025 年 7 月,新增建联量,45,人,"### 多建联多建信：月度新增建联≥95 人，并持续建信。
- **Progress:** 0%
- **Score:** 0
- **Aligned by:**
    - 目标: 7516570272549879811, Owner: jiemin.zhou (open_id: ou_939322f894b92ea23d51ec23762b7106)

#### Key Results:
1...."
kennys.shen,2025 年 7 月,新增建联量,45,人,"### 多建联多建信：月度新增建联≥95 人，并持续建信。
- **Progress:** 0%
- **Score:** 0
- **Aligned by:**
    - 目标: 7516570272549879811, Owner: jiemin.zhou (open_id: ou_939322f894b92ea23d51ec23762b7106)

#### Key Results:
1...."
kennys.shen,2025 年 7 月,新增建联量,25,人,"### 多建联多建信：月度新增建联≥95 人，并持续建信。
- **Progress:** 0%
- **Score:** 0
- **Aligned by:**
    - 目标: 7516570272549879811, Owner: jiemin.zhou (open_id: ou_939322f894b92ea23d51ec23762b7106)

#### Key Results:
1...."
kevin.xu13,2025 年 7 月,交付量,3,台,"### 多卖车，多挣钱，完成月度交付3台目标
- **Progress:** 0%
- **Score:** 0

---"
kevin.xu13,2025 年 7 月,交付量,3,台,"### 多卖车，多挣钱，完成月度交付3台目标
- **Progress:** 0%
- **Score:** 0

---"
kim.chen2,2025 年 7 月,锁单量,2,台,"### 完成月锁单2台
冲刺目标3台
交付目标2台
- **Progress:** 0%
- **Score:** 0
- **Aligned by:**
    - 目标: 7516653427935789084, Owner: kun.xiong2 (open_id: ou_da69278049ad19e62f2e7c5512cb5396)

#### Key Results:
1. 日过程数..."
kim.chen2,2025 年 7 月,锁单量,2,台,"### 完成月锁单2台
冲刺目标3台
交付目标2台
- **Progress:** 0%
- **Score:** 0
- **Aligned by:**
    - 目标: 7516653427935789084, Owner: kun.xiong2 (open_id: ou_da69278049ad19e62f2e7c5512cb5396)

#### Key Results:
1. 日过程数..."
kitty.yu,2025 年 7 月,新增建联量,30,人,"### 本月建联达到70个，建信达到15个
- **Progress:** 0%
- **Score:** 0

#### Key Results:
1. 线上通过小红书或抖音发布产品内容形成线索15个，线下门店建信建联30个，打call完成建信建联40个
    - Progress: 0%
    - Score: 0

---"
kitty.yu,2025 年 7 月,新增建联量,40,人,"### 本月建联达到70个，建信达到15个
- **Progress:** 0%
- **Score:** 0

#### Key Results:
1. 线上通过小红书或抖音发布产品内容形成线索15个，线下门店建信建联30个，打call完成建信建联40个
    - Progress: 0%
    - Score: 0

---"
kitty.yu,2025 年 7 月,新增建联量,30,人,"### 本月建联达到70个，建信达到15个
- **Progress:** 0%
- **Score:** 0

#### Key Results:
1. 线上通过小红书或抖音发布产品内容形成线索15个，线下门店建信建联30个，打call完成建信建联40个
    - Progress: 0%
    - Score: 0

---"
kitty.yu,2025 年 7 月,新增建联量,40,人,"### 本月建联达到70个，建信达到15个
- **Progress:** 0%
- **Score:** 0

#### Key Results:
1. 线上通过小红书或抖音发布产品内容形成线索15个，线下门店建信建联30个，打call完成建信建联40个
    - Progress: 0%
    - Score: 0

---"
kk.zhou2,2025 年 7 月,新增建联量,40,人,"### V2（多建联多建信）：当月新增建联 ≥100人，总建联人数 ≥ 160 人，并持续建信。
- **Progress:** 0%
- **Score:** 0

#### Key Results:
1. A1：月度新增建联 ≥ 100人（其中主动建联 ≥ 30人，门店路演建联 ≥ 30人，小红书抖音平台建联≥40
    - Progress: 0%
    - Score: 0
2. A2..."
klein.lin2,2025 年 7 月,新增建联量,170,人,"### 建立广泛有效联系，达成建联170，外呼780，试驾48批目标
- **Progress:** 0%
- **Score:** 0

#### Key Results:
1. 通过线下门店接待、外拓活动，竞品拦截、抖音小红书等渠道达成每日7个建联目标
    - Progress: 0%
    - Score: 0
2. 精准外呼邀约转化，每日完成30有效外呼
    - Progress..."
klein.lin2,2025 年 7 月,试驾量,48,组,"### 建立广泛有效联系，达成建联170，外呼780，试驾48批目标
- **Progress:** 0%
- **Score:** 0

#### Key Results:
1. 通过线下门店接待、外拓活动，竞品拦截、抖音小红书等渠道达成每日7个建联目标
    - Progress: 0%
    - Score: 0
2. 精准外呼邀约转化，每日完成30有效外呼
    - Progress..."
klein.lin2,2025 年 7 月,试驾量,12,组,"### 建立广泛有效联系，达成建联170，外呼780，试驾48批目标
- **Progress:** 0%
- **Score:** 0

#### Key Results:
1. 通过线下门店接待、外拓活动，竞品拦截、抖音小红书等渠道达成每日7个建联目标
    - Progress: 0%
    - Score: 0
2. 精准外呼邀约转化，每日完成30有效外呼
    - Progress..."
klein.lin2,2025 年 7 月,试驾量,48,组,"### 建立广泛有效联系，达成建联170，外呼780，试驾48批目标
- **Progress:** 0%
- **Score:** 0

#### Key Results:
1. 通过线下门店接待、外拓活动，竞品拦截、抖音小红书等渠道达成每日7个建联目标
    - Progress: 0%
    - Score: 0
2. 精准外呼邀约转化，每日完成30有效外呼
    - Progress..."
klein.lin2,2025 年 7 月,锁单量,1,台,"### 业绩目标完成，达成L90小定目标7，L60锁单1，L60交付目标1
- **Progress:** 0%
- **Score:** 0

#### Key Results:
1. 接触客户百分百触达新车型，目标客户群体邀请小定
    - Progress: 0%
    - Score: 0
2. 深挖客户需求，结合客户画像讲解亮点，持续种草转化
    - Progress: 0%
 ..."
klein.lin2,2025 年 7 月,锁单量,1,台,"### 业绩目标完成，达成L90小定目标7，L60锁单1，L60交付目标1
- **Progress:** 0%
- **Score:** 0

#### Key Results:
1. 接触客户百分百触达新车型，目标客户群体邀请小定
    - Progress: 0%
    - Score: 0
2. 深挖客户需求，结合客户画像讲解亮点，持续种草转化
    - Progress: 0%
 ..."
landon.zhu,2025 年 7 月,新增建联量,30,人,"### 每周试驾5个，建联30个用户
- **Progress:** 0%
- **Score:** 0

#### Key Results:
1. 每日通过门店接待以及电话搜寻用户
    - Progress: 0%
    - Score: 0

---"
landon.zhu,2025 年 7 月,新增建联量,30,人,"### 每周试驾5个，建联30个用户
- **Progress:** 0%
- **Score:** 0

#### Key Results:
1. 每日通过门店接待以及电话搜寻用户
    - Progress: 0%
    - Score: 0

---"
landon.zhu,2025 年 7 月,试驾量,5,组,"### 每周试驾5个，建联30个用户
- **Progress:** 0%
- **Score:** 0

#### Key Results:
1. 每日通过门店接待以及电话搜寻用户
    - Progress: 0%
    - Score: 0

---"
landon.zhu,2025 年 7 月,试驾量,5,组,"### 每周试驾5个，建联30个用户
- **Progress:** 0%
- **Score:** 0

#### Key Results:
1. 每日通过门店接待以及电话搜寻用户
    - Progress: 0%
    - Score: 0

---"
landon.zhu,2025 年 7 月,锁单量,2,台,"### 7月完成l60锁单2台l90锁单1台
- **Progress:** 0%
- **Score:** 0

#### Key Results:
1. 7月10号之前fc上表10个，每日重点跟进推进梳理替换fc表
    - Progress: 0%
    - Score: 0

---"
landon.zhu,2025 年 7 月,锁单量,1,台,"### 7月完成l60锁单2台l90锁单1台
- **Progress:** 0%
- **Score:** 0

#### Key Results:
1. 7月10号之前fc上表10个，每日重点跟进推进梳理替换fc表
    - Progress: 0%
    - Score: 0

---"
landon.zhu,2025 年 7 月,锁单量,2,台,"### 7月完成l60锁单2台l90锁单1台
- **Progress:** 0%
- **Score:** 0

#### Key Results:
1. 7月10号之前fc上表10个，每日重点跟进推进梳理替换fc表
    - Progress: 0%
    - Score: 0

---"
landon.zhu,2025 年 7 月,锁单量,1,台,"### 7月完成l60锁单2台l90锁单1台
- **Progress:** 0%
- **Score:** 0

#### Key Results:
1. 7月10号之前fc上表10个，每日重点跟进推进梳理替换fc表
    - Progress: 0%
    - Score: 0

---"
lealon.peng2,2025 年 7 月,交付量,1,台,"### 当月新增建联>200人，持续建信
- **Progress:** 0%
- **Score:** 0
- **Aligned by:**
    - 目标: 7516653426752356354, Owner: jing.guo12 (open_id: ou_db985514076454a6bb790a2b3ad99cc5)
    - 目标: 7516653426752356354, ..."
lealon.peng2,2025 年 7 月,新增建联量,200,人,"### 当月新增建联>200人，持续建信
- **Progress:** 0%
- **Score:** 0
- **Aligned by:**
    - 目标: 7516653426752356354, Owner: jing.guo12 (open_id: ou_db985514076454a6bb790a2b3ad99cc5)
    - 目标: 7516653426752356354, ..."
lealon.peng2,2025 年 7 月,新增建联量,200,人,"### 当月新增建联>200人，持续建信
- **Progress:** 0%
- **Score:** 0
- **Aligned by:**
    - 目标: 7516653426752356354, Owner: jing.guo12 (open_id: ou_db985514076454a6bb790a2b3ad99cc5)
    - 目标: 7516653426752356354, ..."
lealon.peng2,2025 年 7 月,新增建联量,200,人,"### 当月新增建联>200人，持续建信
- **Progress:** 0%
- **Score:** 0
- **Aligned by:**
    - 目标: 7516653426752356354, Owner: jing.guo12 (open_id: ou_db985514076454a6bb790a2b3ad99cc5)
    - 目标: 7516653426752356354, ..."
lealon.peng2,2025 年 7 月,新增建联量,200,人,"### 当月新增建联>200人，持续建信
- **Progress:** 0%
- **Score:** 0
- **Aligned by:**
    - 目标: 7516653426752356354, Owner: jing.guo12 (open_id: ou_db985514076454a6bb790a2b3ad99cc5)
    - 目标: 7516653426752356354, ..."
lealon.peng2,2025 年 7 月,新增建联量,4,人,"### 当月新增建联>200人，持续建信
- **Progress:** 0%
- **Score:** 0
- **Aligned by:**
    - 目标: 7516653426752356354, Owner: jing.guo12 (open_id: ou_db985514076454a6bb790a2b3ad99cc5)
    - 目标: 7516653426752356354, ..."
leo.li55,2025 年 7 月,交付量,1,台,"### 完成月度车辆销售交付≥1，总亏损小于2万元
- **Progress:** 0%
- **Score:** 0
- **Aligned by:**
    - 目标: 7516653427725811714, Owner: qin.zhang6 (open_id: ou_e53f7a601aca2cb0935f04d33901e0a6)
    - 目标: 7516653427725811..."
leo.li55,2025 年 7 月,新增建联量,4,人,"### 多建联多建信）人均新老建联日均>8，其中新建联>4/人/日，并在当月持续建信，关注试驾转化、企微有效互动、电话外呼等建信指标。
- **Progress:** 0%
- **Score:** 0

#### Key Results:
1. 目标设定：日均4建联+2TD+2TSS+30企微信息+30call作为工作量标准
日目标-FL：新机会-企微建联 30 试驾3 TSS 2
周目标-FL..."
leo.li55,2025 年 7 月,试驾量,3,组,"### 多建联多建信）人均新老建联日均>8，其中新建联>4/人/日，并在当月持续建信，关注试驾转化、企微有效互动、电话外呼等建信指标。
- **Progress:** 0%
- **Score:** 0

#### Key Results:
1. 目标设定：日均4建联+2TD+2TSS+30企微信息+30call作为工作量标准
日目标-FL：新机会-企微建联 30 试驾3 TSS 2
周目标-FL..."
leo.liu33,2025 年 7 月,交付量,2,台,"### (多卖车多赚钱):完成L60月度锁单及交付2台(挑战目标4台)
A1) 月度L60锁单及交付目标2台
A2）月度试驾量>40组
A3）月度总跟进数>1080组 日跟进量>40组

(多建联多建信):月度个人新增建联>97组 
A1)月度个人新增建联>97组 
A2)开口获取新增建联目标，每日线索3-5个/人(周中3，周末5)，企业微信添加率80%
A3 在社媒(含朋友圈、小红书、抖音)精心..."
leo.liu33,2025 年 7 月,交付量,2,台,"### (多卖车多赚钱):完成L60月度锁单及交付2台(挑战目标4台)
A1) 月度L60锁单及交付目标2台
A2）月度试驾量>40组
A3）月度总跟进数>1080组 日跟进量>40组

(多建联多建信):月度个人新增建联>97组 
A1)月度个人新增建联>97组 
A2)开口获取新增建联目标，每日线索3-5个/人(周中3，周末5)，企业微信添加率80%
A3 在社媒(含朋友圈、小红书、抖音)精心..."
leo.liu33,2025 年 7 月,新增建联量,97,人,"### (多卖车多赚钱):完成L60月度锁单及交付2台(挑战目标4台)
A1) 月度L60锁单及交付目标2台
A2）月度试驾量>40组
A3）月度总跟进数>1080组 日跟进量>40组

(多建联多建信):月度个人新增建联>97组 
A1)月度个人新增建联>97组 
A2)开口获取新增建联目标，每日线索3-5个/人(周中3，周末5)，企业微信添加率80%
A3 在社媒(含朋友圈、小红书、抖音)精心..."
leo.liu33,2025 年 7 月,新增建联量,97,人,"### (多卖车多赚钱):完成L60月度锁单及交付2台(挑战目标4台)
A1) 月度L60锁单及交付目标2台
A2）月度试驾量>40组
A3）月度总跟进数>1080组 日跟进量>40组

(多建联多建信):月度个人新增建联>97组 
A1)月度个人新增建联>97组 
A2)开口获取新增建联目标，每日线索3-5个/人(周中3，周末5)，企业微信添加率80%
A3 在社媒(含朋友圈、小红书、抖音)精心..."
leo.liu33,2025 年 7 月,新增建联量,97,人,"### (多卖车多赚钱):完成L60月度锁单及交付2台(挑战目标4台)
A1) 月度L60锁单及交付目标2台
A2）月度试驾量>40组
A3）月度总跟进数>1080组 日跟进量>40组

(多建联多建信):月度个人新增建联>97组 
A1)月度个人新增建联>97组 
A2)开口获取新增建联目标，每日线索3-5个/人(周中3，周末5)，企业微信添加率80%
A3 在社媒(含朋友圈、小红书、抖音)精心..."
leo.liu33,2025 年 7 月,新增建联量,97,人,"### (多卖车多赚钱):完成L60月度锁单及交付2台(挑战目标4台)
A1) 月度L60锁单及交付目标2台
A2）月度试驾量>40组
A3）月度总跟进数>1080组 日跟进量>40组

(多建联多建信):月度个人新增建联>97组 
A1)月度个人新增建联>97组 
A2)开口获取新增建联目标，每日线索3-5个/人(周中3，周末5)，企业微信添加率80%
A3 在社媒(含朋友圈、小红书、抖音)精心..."
leo.liu33,2025 年 7 月,试驾量,40,组,"### (多卖车多赚钱):完成L60月度锁单及交付2台(挑战目标4台)
A1) 月度L60锁单及交付目标2台
A2）月度试驾量>40组
A3）月度总跟进数>1080组 日跟进量>40组

(多建联多建信):月度个人新增建联>97组 
A1)月度个人新增建联>97组 
A2)开口获取新增建联目标，每日线索3-5个/人(周中3，周末5)，企业微信添加率80%
A3 在社媒(含朋友圈、小红书、抖音)精心..."
leo.lou,2025 年 7 月,交付量,2,台,"### (多卖车多赚钱):完成月度车辆销售交付≥2辆(挑战目标3辆),总利润贡献≥0万元
- **Progress:** 0%
- **Score:** 0

#### Key Results:
1. 完成试驾≥60个。月度新增购车需求≥10个
个人合计购车需求池≥10个,机会到试驾的转化率≥40%。
    - Progress: 0%
    - Score: 0
2. 月度锁单目标≥3辆
试..."
leo.lou,2025 年 7 月,新增建联量,200,人,"### (多建联多建信):当月新增建联≥200人,总建联人数≥300人,并持续建信。
- **Progress:** 0%
- **Score:** 0

#### Key Results:
1. 月度新增建联>200人(其中主动建联≥80人,门店路演建联≥120人)
    - Progress: 0%
    - Score: 0
2. 建联用户的月度建信100%覆盖,所有建联用户月均建信次数..."
leo.lou,2025 年 7 月,新增建联量,200,人,"### (多建联多建信):当月新增建联≥200人,总建联人数≥300人,并持续建信。
- **Progress:** 0%
- **Score:** 0

#### Key Results:
1. 月度新增建联>200人(其中主动建联≥80人,门店路演建联≥120人)
    - Progress: 0%
    - Score: 0
2. 建联用户的月度建信100%覆盖,所有建联用户月均建信次数..."
leo.lou,2025 年 7 月,新增建联量,200,人,"### (多建联多建信):当月新增建联≥200人,总建联人数≥300人,并持续建信。
- **Progress:** 0%
- **Score:** 0

#### Key Results:
1. 月度新增建联>200人(其中主动建联≥80人,门店路演建联≥120人)
    - Progress: 0%
    - Score: 0
2. 建联用户的月度建信100%覆盖,所有建联用户月均建信次数..."
leo.lou,2025 年 7 月,新增建联量,200,人,"### (多建联多建信):当月新增建联≥200人,总建联人数≥300人,并持续建信。
- **Progress:** 0%
- **Score:** 0

#### Key Results:
1. 月度新增建联>200人(其中主动建联≥80人,门店路演建联≥120人)
    - Progress: 0%
    - Score: 0
2. 建联用户的月度建信100%覆盖,所有建联用户月均建信次数..."
leo.lou,2025 年 7 月,新增建联量,80,人,"### (多建联多建信):当月新增建联≥200人,总建联人数≥300人,并持续建信。
- **Progress:** 0%
- **Score:** 0

#### Key Results:
1. 月度新增建联>200人(其中主动建联≥80人,门店路演建联≥120人)
    - Progress: 0%
    - Score: 0
2. 建联用户的月度建信100%覆盖,所有建联用户月均建信次数..."
leo.lou,2025 年 7 月,新增建联量,120,人,"### (多建联多建信):当月新增建联≥200人,总建联人数≥300人,并持续建信。
- **Progress:** 0%
- **Score:** 0

#### Key Results:
1. 月度新增建联>200人(其中主动建联≥80人,门店路演建联≥120人)
    - Progress: 0%
    - Score: 0
2. 建联用户的月度建信100%覆盖,所有建联用户月均建信次数..."
leo.lou,2025 年 7 月,试驾量,60,组,"### (多卖车多赚钱):完成月度车辆销售交付≥2辆(挑战目标3辆),总利润贡献≥0万元
- **Progress:** 0%
- **Score:** 0

#### Key Results:
1. 完成试驾≥60个。月度新增购车需求≥10个
个人合计购车需求池≥10个,机会到试驾的转化率≥40%。
    - Progress: 0%
    - Score: 0
2. 月度锁单目标≥3辆
试..."
liangmeng.xu,2025 年 7 月,交付量,1,台,"### 7月L60交付≥1台 锁单≥2台
L90 争取多邀约客户体验，本月目标收取意向金≥5组意向客户
- **Progress:** 0%
- **Score:** 0
- **Aligned by:**
    - 目标: 7516651644257370140, Owner: qingnan.liu (open_id: ou_78f01e6d28f7efcaa6d2146d22cf2ca7)..."
liangmeng.xu,2025 年 7 月,锁单量,2,台,"### 7月L60交付≥1台 锁单≥2台
L90 争取多邀约客户体验，本月目标收取意向金≥5组意向客户
- **Progress:** 0%
- **Score:** 0
- **Aligned by:**
    - 目标: 7516651644257370140, Owner: qingnan.liu (open_id: ou_78f01e6d28f7efcaa6d2146d22cf2ca7)..."
linguang.wu,2025 年 7 月,新增建联量,50,人,"### 建联50个用户、试驾15、持续建信每日20+
- **Progress:** 0%
- **Score:** 0

#### Key Results:
1. 学习建联、建信怎么玩法、完好的去执行领导给的任务
    - Progress: 0%
    - Score: 0
2. 明确自己每天工作需要的数据1.电话每天50+
2.试驾每天2+
3.高质量客户沟通聊天5+
    - Pro..."
linguang.wu,2025 年 7 月,新增建联量,50,人,"### 建联50个用户、试驾15、持续建信每日20+
- **Progress:** 0%
- **Score:** 0

#### Key Results:
1. 学习建联、建信怎么玩法、完好的去执行领导给的任务
    - Progress: 0%
    - Score: 0
2. 明确自己每天工作需要的数据1.电话每天50+
2.试驾每天2+
3.高质量客户沟通聊天5+
    - Pro..."
linguang.wu,2025 年 7 月,试驾量,15,组,"### 建联50个用户、试驾15、持续建信每日20+
- **Progress:** 0%
- **Score:** 0

#### Key Results:
1. 学习建联、建信怎么玩法、完好的去执行领导给的任务
    - Progress: 0%
    - Score: 0
2. 明确自己每天工作需要的数据1.电话每天50+
2.试驾每天2+
3.高质量客户沟通聊天5+
    - Pro..."
linkk.wang,2025 年 7 月,新增建联量,5,人,"### 每天建联5组，主动建联2组
- **Progress:** 0%
- **Score:** 0
- **Aligned by:**
    - 目标: 7516653428653080577, Owner: jingye.li (open_id: ou_93088ad2c1f4e4093a94f3b74c695f16)

#### Key Results:
1. 做好门店接待，外拓活动，社..."
linkk.wang,2025 年 7 月,新增建联量,2,人,"### 每天建联5组，主动建联2组
- **Progress:** 0%
- **Score:** 0
- **Aligned by:**
    - 目标: 7516653428653080577, Owner: jingye.li (open_id: ou_93088ad2c1f4e4093a94f3b74c695f16)

#### Key Results:
1. 做好门店接待，外拓活动，社..."
linkk.wang,2025 年 7 月,新增建联量,5,人,"### 每天建联5组，主动建联2组
- **Progress:** 0%
- **Score:** 0
- **Aligned by:**
    - 目标: 7516653428653080577, Owner: jingye.li (open_id: ou_93088ad2c1f4e4093a94f3b74c695f16)

#### Key Results:
1. 做好门店接待，外拓活动，社..."
linkk.wang,2025 年 7 月,新增建联量,2,人,"### 每天建联5组，主动建联2组
- **Progress:** 0%
- **Score:** 0
- **Aligned by:**
    - 目标: 7516653428653080577, Owner: jingye.li (open_id: ou_93088ad2c1f4e4093a94f3b74c695f16)

#### Key Results:
1. 做好门店接待，外拓活动，社..."
lipeng.wang2,2025 年 7 月,交付量,2,台,"### 本月锁单新增达成目标个人2台
- **Progress:** 0%
- **Score:** 0

#### Key Results:
1. 确保L60月度交付2台，挑战3台。
    - Progress: 0%
    - Score: 0
2. 挑战L90预定金目标12+，锁单4
    - Progress: 0%
    - Score: 0
3. 冲击月度重点车型选配车1台。
..."
lipeng.wang2,2025 年 7 月,交付量,2,台,"### 本月锁单新增达成目标个人2台
- **Progress:** 0%
- **Score:** 0

#### Key Results:
1. 确保L60月度交付2台，挑战3台。
    - Progress: 0%
    - Score: 0
2. 挑战L90预定金目标12+，锁单4
    - Progress: 0%
    - Score: 0
3. 冲击月度重点车型选配车1台。
..."
lipeng.wang2,2025 年 7 月,新增建联量,2,人,"### 建联建信：7月新增建联2组/人/天，其中主动建联不低于1组，持续创造建信目标10+
- **Progress:** 0%
- **Score:** 0

#### Key Results:
1. 新增建联日均不低于2组，主动建联不低于1组，养成好的工作方式。
    - Progress: 0%
    - Score: 0
2. 建信池用户每天不低于10+互动（有效回应：APP互动、企微..."
lipeng.wang2,2025 年 7 月,新增建联量,2,人,"### 建联建信：7月新增建联2组/人/天，其中主动建联不低于1组，持续创造建信目标10+
- **Progress:** 0%
- **Score:** 0

#### Key Results:
1. 新增建联日均不低于2组，主动建联不低于1组，养成好的工作方式。
    - Progress: 0%
    - Score: 0
2. 建信池用户每天不低于10+互动（有效回应：APP互动、企微..."
lipeng.wang2,2025 年 7 月,新增建联量,2,人,"### 建联建信：7月新增建联2组/人/天，其中主动建联不低于1组，持续创造建信目标10+
- **Progress:** 0%
- **Score:** 0

#### Key Results:
1. 新增建联日均不低于2组，主动建联不低于1组，养成好的工作方式。
    - Progress: 0%
    - Score: 0
2. 建信池用户每天不低于10+互动（有效回应：APP互动、企微..."
lipeng.wang2,2025 年 7 月,新增建联量,2,人,"### 建联建信：7月新增建联2组/人/天，其中主动建联不低于1组，持续创造建信目标10+
- **Progress:** 0%
- **Score:** 0

#### Key Results:
1. 新增建联日均不低于2组，主动建联不低于1组，养成好的工作方式。
    - Progress: 0%
    - Score: 0
2. 建信池用户每天不低于10+互动（有效回应：APP互动、企微..."
lipeng.wang2,2025 年 7 月,锁单量,4,台,"### 本月锁单新增达成目标个人2台
- **Progress:** 0%
- **Score:** 0

#### Key Results:
1. 确保L60月度交付2台，挑战3台。
    - Progress: 0%
    - Score: 0
2. 挑战L90预定金目标12+，锁单4
    - Progress: 0%
    - Score: 0
3. 冲击月度重点车型选配车1台。
..."
liyuan.bao,2025 年 7 月,新增建联量,95,人,"### 多建联多建信：月度新增建联≥95 人，并持续建信。
- **Progress:** 0%
- **Score:** 0
- **Aligned by:**
    - 目标: 7516570272549879811, Owner: jiemin.zhou (open_id: ou_939322f894b92ea23d51ec23762b7106)

#### Key Results:
1...."
liyuan.bao,2025 年 7 月,新增建联量,95,人,"### 多建联多建信：月度新增建联≥95 人，并持续建信。
- **Progress:** 0%
- **Score:** 0
- **Aligned by:**
    - 目标: 7516570272549879811, Owner: jiemin.zhou (open_id: ou_939322f894b92ea23d51ec23762b7106)

#### Key Results:
1...."
liyuan.bao,2025 年 7 月,新增建联量,65,人,"### 多建联多建信：月度新增建联≥95 人，并持续建信。
- **Progress:** 0%
- **Score:** 0
- **Aligned by:**
    - 目标: 7516570272549879811, Owner: jiemin.zhou (open_id: ou_939322f894b92ea23d51ec23762b7106)

#### Key Results:
1...."
liyuan.bao,2025 年 7 月,新增建联量,45,人,"### 多建联多建信：月度新增建联≥95 人，并持续建信。
- **Progress:** 0%
- **Score:** 0
- **Aligned by:**
    - 目标: 7516570272549879811, Owner: jiemin.zhou (open_id: ou_939322f894b92ea23d51ec23762b7106)

#### Key Results:
1...."
liyuan.bao,2025 年 7 月,新增建联量,45,人,"### 多建联多建信：月度新增建联≥95 人，并持续建信。
- **Progress:** 0%
- **Score:** 0
- **Aligned by:**
    - 目标: 7516570272549879811, Owner: jiemin.zhou (open_id: ou_939322f894b92ea23d51ec23762b7106)

#### Key Results:
1...."
liyuan.bao,2025 年 7 月,新增建联量,25,人,"### 多建联多建信：月度新增建联≥95 人，并持续建信。
- **Progress:** 0%
- **Score:** 0
- **Aligned by:**
    - 目标: 7516570272549879811, Owner: jiemin.zhou (open_id: ou_939322f894b92ea23d51ec23762b7106)

#### Key Results:
1...."
liyuan.bao,2025 年 7 月,新增建联量,65,人,"### 多建联多建信：月度新增建联≥95 人，并持续建信。
- **Progress:** 0%
- **Score:** 0
- **Aligned by:**
    - 目标: 7516570272549879811, Owner: jiemin.zhou (open_id: ou_939322f894b92ea23d51ec23762b7106)

#### Key Results:
1...."
liyuan.bao,2025 年 7 月,新增建联量,45,人,"### 多建联多建信：月度新增建联≥95 人，并持续建信。
- **Progress:** 0%
- **Score:** 0
- **Aligned by:**
    - 目标: 7516570272549879811, Owner: jiemin.zhou (open_id: ou_939322f894b92ea23d51ec23762b7106)

#### Key Results:
1...."
liyuan.bao,2025 年 7 月,新增建联量,45,人,"### 多建联多建信：月度新增建联≥95 人，并持续建信。
- **Progress:** 0%
- **Score:** 0
- **Aligned by:**
    - 目标: 7516570272549879811, Owner: jiemin.zhou (open_id: ou_939322f894b92ea23d51ec23762b7106)

#### Key Results:
1...."
liyuan.bao,2025 年 7 月,新增建联量,25,人,"### 多建联多建信：月度新增建联≥95 人，并持续建信。
- **Progress:** 0%
- **Score:** 0
- **Aligned by:**
    - 目标: 7516570272549879811, Owner: jiemin.zhou (open_id: ou_939322f894b92ea23d51ec23762b7106)

#### Key Results:
1...."
meijun.jiang,2025 年 7 月,交付量,1,台,"### 7月L60锁单1台/交付1台
7月了90意向金2台/锁单1台
- **Progress:** 0%
- **Score:** 0
- **Aligned by:**
    - 目标: 7516653197932412956, Owner: kangjin.hong (open_id: ou_b87709b9ee8ff0865956c922b238e74b)
    - 目标: 75166..."
meijun.jiang,2025 年 7 月,交付量,1,台,"### 7月L60锁单1台/交付1台
7月了90意向金2台/锁单1台
- **Progress:** 0%
- **Score:** 0
- **Aligned by:**
    - 目标: 7516653197932412956, Owner: kangjin.hong (open_id: ou_b87709b9ee8ff0865956c922b238e74b)
    - 目标: 75166..."
meijun.jiang,2025 年 7 月,交付量,1,台,"### 7月L60锁单1台/交付1台
7月了90意向金2台/锁单1台
- **Progress:** 0%
- **Score:** 0
- **Aligned by:**
    - 目标: 7516653197932412956, Owner: kangjin.hong (open_id: ou_b87709b9ee8ff0865956c922b238e74b)
    - 目标: 75166..."
meijun.jiang,2025 年 7 月,交付量,1,台,"### 7月L60锁单1台/交付1台
7月了90意向金2台/锁单1台
- **Progress:** 0%
- **Score:** 0
- **Aligned by:**
    - 目标: 7516653197932412956, Owner: kangjin.hong (open_id: ou_b87709b9ee8ff0865956c922b238e74b)
    - 目标: 75166..."
meijun.jiang,2025 年 7 月,新增建联量,100,人,"### 7月L60锁单1台/交付1台
7月了90意向金2台/锁单1台
- **Progress:** 0%
- **Score:** 0
- **Aligned by:**
    - 目标: 7516653197932412956, Owner: kangjin.hong (open_id: ou_b87709b9ee8ff0865956c922b238e74b)
    - 目标: 75166..."
meijun.jiang,2025 年 7 月,新增建联量,100,人,"### 7月L60锁单1台/交付1台
7月了90意向金2台/锁单1台
- **Progress:** 0%
- **Score:** 0
- **Aligned by:**
    - 目标: 7516653197932412956, Owner: kangjin.hong (open_id: ou_b87709b9ee8ff0865956c922b238e74b)
    - 目标: 75166..."
meijun.jiang,2025 年 7 月,锁单量,1,台,"### 7月L60锁单1台/交付1台
7月了90意向金2台/锁单1台
- **Progress:** 0%
- **Score:** 0
- **Aligned by:**
    - 目标: 7516653197932412956, Owner: kangjin.hong (open_id: ou_b87709b9ee8ff0865956c922b238e74b)
    - 目标: 75166..."
meijun.jiang,2025 年 7 月,锁单量,1,台,"### 7月L60锁单1台/交付1台
7月了90意向金2台/锁单1台
- **Progress:** 0%
- **Score:** 0
- **Aligned by:**
    - 目标: 7516653197932412956, Owner: kangjin.hong (open_id: ou_b87709b9ee8ff0865956c922b238e74b)
    - 目标: 75166..."
meijun.jiang,2025 年 7 月,锁单量,1,台,"### 7月L60锁单1台/交付1台
7月了90意向金2台/锁单1台
- **Progress:** 0%
- **Score:** 0
- **Aligned by:**
    - 目标: 7516653197932412956, Owner: kangjin.hong (open_id: ou_b87709b9ee8ff0865956c922b238e74b)
    - 目标: 75166..."
meijun.jiang,2025 年 7 月,锁单量,1,台,"### 7月L60锁单1台/交付1台
7月了90意向金2台/锁单1台
- **Progress:** 0%
- **Score:** 0
- **Aligned by:**
    - 目标: 7516653197932412956, Owner: kangjin.hong (open_id: ou_b87709b9ee8ff0865956c922b238e74b)
    - 目标: 75166..."
meijun.jiang,2025 年 7 月,锁单量,1,台,"### 7月L60锁单1台/交付1台
7月了90意向金2台/锁单1台
- **Progress:** 0%
- **Score:** 0
- **Aligned by:**
    - 目标: 7516653197932412956, Owner: kangjin.hong (open_id: ou_b87709b9ee8ff0865956c922b238e74b)
    - 目标: 75166..."
meijun.jiang,2025 年 7 月,锁单量,1,台,"### 7月L60锁单1台/交付1台
7月了90意向金2台/锁单1台
- **Progress:** 0%
- **Score:** 0
- **Aligned by:**
    - 目标: 7516653197932412956, Owner: kangjin.hong (open_id: ou_b87709b9ee8ff0865956c922b238e74b)
    - 目标: 75166..."
meijun.jiang,2025 年 7 月,锁单量,1,台,"### 7月L60锁单1台/交付1台
7月了90意向金2台/锁单1台
- **Progress:** 0%
- **Score:** 0
- **Aligned by:**
    - 目标: 7516653197932412956, Owner: kangjin.hong (open_id: ou_b87709b9ee8ff0865956c922b238e74b)
    - 目标: 75166..."
meijun.jiang,2025 年 7 月,锁单量,1,台,"### 7月L60锁单1台/交付1台
7月了90意向金2台/锁单1台
- **Progress:** 0%
- **Score:** 0
- **Aligned by:**
    - 目标: 7516653197932412956, Owner: kangjin.hong (open_id: ou_b87709b9ee8ff0865956c922b238e74b)
    - 目标: 75166..."
meijun.jiang,2025 年 7 月,锁单量,1,台,"### 7月L60锁单1台/交付1台
7月了90意向金2台/锁单1台
- **Progress:** 0%
- **Score:** 0
- **Aligned by:**
    - 目标: 7516653197932412956, Owner: kangjin.hong (open_id: ou_b87709b9ee8ff0865956c922b238e74b)
    - 目标: 75166..."
meijun.jiang,2025 年 7 月,锁单量,1,台,"### 7月L60锁单1台/交付1台
7月了90意向金2台/锁单1台
- **Progress:** 0%
- **Score:** 0
- **Aligned by:**
    - 目标: 7516653197932412956, Owner: kangjin.hong (open_id: ou_b87709b9ee8ff0865956c922b238e74b)
    - 目标: 75166..."
mengyu.li3,2025 年 7 月,交付量,1,台,"### 结果指标
- **Progress:** 0%
- **Score:** 0

#### Key Results:
1. l60锁单目标1
    - Progress: 0%
    - Score: 0
2. l60 交付1
    - Progress: 0%
    - Score: 0
3. l90 小订1
    - Progress: 0%
    - Score: 0
4...."
mengyu.li3,2025 年 7 月,交付量,7,台,"### 结果指标
- **Progress:** 0%
- **Score:** 0

#### Key Results:
1. l60锁单目标1
    - Progress: 0%
    - Score: 0
2. l60 交付1
    - Progress: 0%
    - Score: 0
3. l90 小订1
    - Progress: 0%
    - Score: 0
4...."
mi.li2,2025 年 7 月,交付量,1,台,"### 几个方面:
1.明天的工作规划40接通1个试驾
2通过青州泰华城外展多发展用户建联建新
3交付1台
- **Progress:** 0%
- **Score:** 0

---"
mi.li2,2025 年 7 月,交付量,1,台,"### 几个方面:
1.明天的工作规划40接通1个试驾
2通过青州泰华城外展多发展用户建联建新
3交付1台
- **Progress:** 0%
- **Score:** 0

---"
michael.wu5,2025 年 7 月,交付量,3,台,"### 完成月度车辆销售交付≥3辆(挑战目标4辆),总利润贡献≥2万元。
- **Progress:** 0%
- **Score:** 0
- **Aligned by:**
    - 目标: 7516653426836799490, Owner: jay.zhao2 (open_id: ou_c550734838753c1d79cfcfdb131fb247)

#### Key Result..."
michael.wu5,2025 年 7 月,新增建联量,90,人,"### 当月新增建联≥90人,总建联人数≥30人,并持续建信。
- **Progress:** 0%
- **Score:** 0
- **Aligned by:**
    - 目标: 7516653426836799490, Owner: jay.zhao2 (open_id: ou_c550734838753c1d79cfcfdb131fb247)

#### Key Results:
1...."
michael.wu5,2025 年 7 月,新增建联量,30,人,"### 当月新增建联≥90人,总建联人数≥30人,并持续建信。
- **Progress:** 0%
- **Score:** 0
- **Aligned by:**
    - 目标: 7516653426836799490, Owner: jay.zhao2 (open_id: ou_c550734838753c1d79cfcfdb131fb247)

#### Key Results:
1...."
michael.wu5,2025 年 7 月,新增建联量,90,人,"### 当月新增建联≥90人,总建联人数≥30人,并持续建信。
- **Progress:** 0%
- **Score:** 0
- **Aligned by:**
    - 目标: 7516653426836799490, Owner: jay.zhao2 (open_id: ou_c550734838753c1d79cfcfdb131fb247)

#### Key Results:
1...."
michael.wu5,2025 年 7 月,新增建联量,30,人,"### 当月新增建联≥90人,总建联人数≥30人,并持续建信。
- **Progress:** 0%
- **Score:** 0
- **Aligned by:**
    - 目标: 7516653426836799490, Owner: jay.zhao2 (open_id: ou_c550734838753c1d79cfcfdb131fb247)

#### Key Results:
1...."
michael.wu5,2025 年 7 月,新增建联量,10,人,"### 当月新增建联≥90人,总建联人数≥30人,并持续建信。
- **Progress:** 0%
- **Score:** 0
- **Aligned by:**
    - 目标: 7516653426836799490, Owner: jay.zhao2 (open_id: ou_c550734838753c1d79cfcfdb131fb247)

#### Key Results:
1...."
michael.wu5,2025 年 7 月,新增建联量,20,人,"### 当月新增建联≥90人,总建联人数≥30人,并持续建信。
- **Progress:** 0%
- **Score:** 0
- **Aligned by:**
    - 目标: 7516653426836799490, Owner: jay.zhao2 (open_id: ou_c550734838753c1d79cfcfdb131fb247)

#### Key Results:
1...."
michael.wu5,2025 年 7 月,试驾量,40,组,"### 完成月度车辆销售交付≥3辆(挑战目标4辆),总利润贡献≥2万元。
- **Progress:** 0%
- **Score:** 0
- **Aligned by:**
    - 目标: 7516653426836799490, Owner: jay.zhao2 (open_id: ou_c550734838753c1d79cfcfdb131fb247)

#### Key Result..."
micheal.chen,2025 年 7 月,新增建联量,3,人,"### (多建联多建信):人均新增建联≥3，并持续建信
- **Progress:** 0%
- **Score:** 0
- **Aligned by:**
    - 目标: 7516653427688947713, Owner: vic.he1 (open_id: ou_1f8dd56cb4fbeeaa9aaa85f367f8853e)

#### Key Results:
1. 月度总新增..."
micheal.chen,2025 年 7 月,新增建联量,78,人,"### (多建联多建信):人均新增建联≥3，并持续建信
- **Progress:** 0%
- **Score:** 0
- **Aligned by:**
    - 目标: 7516653427688947713, Owner: vic.he1 (open_id: ou_1f8dd56cb4fbeeaa9aaa85f367f8853e)

#### Key Results:
1. 月度总新增..."
micheal.chen,2025 年 7 月,新增建联量,3,人,"### (多建联多建信):人均新增建联≥3，并持续建信
- **Progress:** 0%
- **Score:** 0
- **Aligned by:**
    - 目标: 7516653427688947713, Owner: vic.he1 (open_id: ou_1f8dd56cb4fbeeaa9aaa85f367f8853e)

#### Key Results:
1. 月度总新增..."
micheal.chen,2025 年 7 月,新增建联量,78,人,"### (多建联多建信):人均新增建联≥3，并持续建信
- **Progress:** 0%
- **Score:** 0
- **Aligned by:**
    - 目标: 7516653427688947713, Owner: vic.he1 (open_id: ou_1f8dd56cb4fbeeaa9aaa85f367f8853e)

#### Key Results:
1. 月度总新增..."
micheal.chen,2025 年 7 月,新增建联量,20,人,"### (多建联多建信):人均新增建联≥3，并持续建信
- **Progress:** 0%
- **Score:** 0
- **Aligned by:**
    - 目标: 7516653427688947713, Owner: vic.he1 (open_id: ou_1f8dd56cb4fbeeaa9aaa85f367f8853e)

#### Key Results:
1. 月度总新增..."
minghan.liu2,2025 年 7 月,试驾量,3,组,"### 7新增建联建信，扩大开口
- **Progress:** 0%
- **Score:** 0

#### Key Results:
1. 月度新增建联大于50组，主动建联大于25
    - Progress: 0%
    - Score: 0
2. 建立的月度建信100%覆盖，月度试驾大于24组，A级不低于70%
    - Progress: 0%
    - Score: 0
3...."
minghan.liu2,2025 年 7 月,试驾量,3,组,"### 7新增建联建信，扩大开口
- **Progress:** 0%
- **Score:** 0

#### Key Results:
1. 月度新增建联大于50组，主动建联大于25
    - Progress: 0%
    - Score: 0
2. 建立的月度建信100%覆盖，月度试驾大于24组，A级不低于70%
    - Progress: 0%
    - Score: 0
3...."
mingjun.yan,2025 年 7 月,新增建联量,40,人,"### 目标：卖一辆L60
- **Progress:** 0%
- **Score:** 0
- **Aligned by:**
    - 目标: 7516653428641431580, Owner: jingyao.qi (open_id: ou_372f0285fbdca2702903375c815d1b69)

#### Key Results:
1. 主动建联40➕ 有效客户15➕
..."
mingjun.yan,2025 年 7 月,试驾量,10,组,"### 目标：卖一辆L60
- **Progress:** 0%
- **Score:** 0
- **Aligned by:**
    - 目标: 7516653428641431580, Owner: jingyao.qi (open_id: ou_372f0285fbdca2702903375c815d1b69)

#### Key Results:
1. 主动建联40➕ 有效客户15➕
..."
mingxi.fan,2025 年 7 月,试驾量,0,组,"### 个人任务目标
- **Progress:** 0%
- **Score:** 0

#### Key Results:
1. 个人L60锁单目标：1
    - Progress: 0%
    - Score: 0
2. 个人L90锁单目标:1
    - Progress: 0%
    - Score: 0
3. 完成L1驾照后，每周试驾目标10，试驾0事故
    - Progre..."
nancy.xia,2025 年 7 月,交付量,1,台,"### 完成月锁单2台，争取3台
- **Progress:** 0%
- **Score:** 0
- **Aligned by:**
    - 目标: 7516653427935789084, Owner: kun.xiong2 (open_id: ou_da69278049ad19e62f2e7c5512cb5396)
    - 目标: 7516653427935789084, Owne..."
nancy.xia,2025 年 7 月,交付量,1,台,"### 完成月锁单2台，争取3台
- **Progress:** 0%
- **Score:** 0
- **Aligned by:**
    - 目标: 7516653427935789084, Owner: kun.xiong2 (open_id: ou_da69278049ad19e62f2e7c5512cb5396)
    - 目标: 7516653427935789084, Owne..."
nancy.xia,2025 年 7 月,新增建联量,190,人,"### 月度建联190，主动精准建联25，试驾42 月度建信率100%
- **Progress:** 0%
- **Score:** 0
- **Aligned by:**
    - 目标: 7516653427935789084, Owner: kun.xiong2 (open_id: ou_da69278049ad19e62f2e7c5512cb5396)

#### Key Result..."
nancy.xia,2025 年 7 月,新增建联量,25,人,"### 月度建联190，主动精准建联25，试驾42 月度建信率100%
- **Progress:** 0%
- **Score:** 0
- **Aligned by:**
    - 目标: 7516653427935789084, Owner: kun.xiong2 (open_id: ou_da69278049ad19e62f2e7c5512cb5396)

#### Key Result..."
nancy.xia,2025 年 7 月,试驾量,42,组,"### 月度建联190，主动精准建联25，试驾42 月度建信率100%
- **Progress:** 0%
- **Score:** 0
- **Aligned by:**
    - 目标: 7516653427935789084, Owner: kun.xiong2 (open_id: ou_da69278049ad19e62f2e7c5512cb5396)

#### Key Result..."
nancy.xia,2025 年 7 月,锁单量,2,台,"### 完成月锁单2台，争取3台
- **Progress:** 0%
- **Score:** 0
- **Aligned by:**
    - 目标: 7516653427935789084, Owner: kun.xiong2 (open_id: ou_da69278049ad19e62f2e7c5512cb5396)
    - 目标: 7516653427935789084, Owne..."
nancy.xia,2025 年 7 月,锁单量,2,台,"### 完成月锁单2台，争取3台
- **Progress:** 0%
- **Score:** 0
- **Aligned by:**
    - 目标: 7516653427935789084, Owner: kun.xiong2 (open_id: ou_da69278049ad19e62f2e7c5512cb5396)
    - 目标: 7516653427935789084, Owne..."
ning.guo3,2025 年 7 月,新增建联量,208,人,"### 基础工作目标
- **Progress:** 0%
- **Score:** 0

#### Key Results:
1. 电话月度目标1300
    - Progress: 0%
    - Score: 0
2. 试驾月度目标60
    - Progress: 0%
    - Score: 0
3. 主动建联208
    - Progress: 0%
    - Score:..."
nini.chai,2025 年 7 月,试驾量,10,组,"### 7月完成电话300个，门店接待40个，试驾10个
- **Progress:** 0%
- **Score:** 0

#### Key Results:
1. 门店接待每日最低2个以上，电话20个，争取完成内部驾照考取，开始带试驾
    - Progress: 0%
    - Score: 0

---"
nini.chai,2025 年 7 月,试驾量,10,组,"### 7月完成电话300个，门店接待40个，试驾10个
- **Progress:** 0%
- **Score:** 0

#### Key Results:
1. 门店接待每日最低2个以上，电话20个，争取完成内部驾照考取，开始带试驾
    - Progress: 0%
    - Score: 0

---"
pandapia.li,2025 年 7 月,交付量,1,台,"### 完成月度车辆销售交付1台（挑战目标2台），总利润贡献≥5000元
- **Progress:** 0%
- **Score:** 0

#### Key Results:
1. 每日目标：主动线索3条，试驾3批，排程1批，30S电话量24批，
    - Progress: 0%
    - Score: 0
2. 月度锁单目标1台（挑战目标2台），试驾转化率25%，
    - Prog..."
pandapia.li,2025 年 7 月,交付量,1,台,"### 完成月度车辆销售交付1台（挑战目标2台），总利润贡献≥5000元
- **Progress:** 0%
- **Score:** 0

#### Key Results:
1. 每日目标：主动线索3条，试驾3批，排程1批，30S电话量24批，
    - Progress: 0%
    - Score: 0
2. 月度锁单目标1台（挑战目标2台），试驾转化率25%，
    - Prog..."
pandapia.li,2025 年 7 月,新增建联量,156,人,"### 当月新增建联156批，并持续建信
- **Progress:** 0%
- **Score:** 0

#### Key Results:
1. 月度新增建联156批，其中门店占比70%，外拓占比30%，
    - Progress: 0%
    - Score: 0
2. 建联用户建信100%覆盖，所有建联用户月均建信次数≥3次，
    - Progress: 0%
    - S..."
pandapia.li,2025 年 7 月,新增建联量,156,人,"### 当月新增建联156批，并持续建信
- **Progress:** 0%
- **Score:** 0

#### Key Results:
1. 月度新增建联156批，其中门店占比70%，外拓占比30%，
    - Progress: 0%
    - Score: 0
2. 建联用户建信100%覆盖，所有建联用户月均建信次数≥3次，
    - Progress: 0%
    - S..."
pandapia.li,2025 年 7 月,新增建联量,156,人,"### 当月新增建联156批，并持续建信
- **Progress:** 0%
- **Score:** 0

#### Key Results:
1. 月度新增建联156批，其中门店占比70%，外拓占比30%，
    - Progress: 0%
    - Score: 0
2. 建联用户建信100%覆盖，所有建联用户月均建信次数≥3次，
    - Progress: 0%
    - S..."
pandapia.li,2025 年 7 月,新增建联量,156,人,"### 当月新增建联156批，并持续建信
- **Progress:** 0%
- **Score:** 0

#### Key Results:
1. 月度新增建联156批，其中门店占比70%，外拓占比30%，
    - Progress: 0%
    - Score: 0
2. 建联用户建信100%覆盖，所有建联用户月均建信次数≥3次，
    - Progress: 0%
    - S..."
pandapia.li,2025 年 7 月,新增建联量,156,人,"### 当月新增建联156批，并持续建信
- **Progress:** 0%
- **Score:** 0

#### Key Results:
1. 月度新增建联156批，其中门店占比70%，外拓占比30%，
    - Progress: 0%
    - Score: 0
2. 建联用户建信100%覆盖，所有建联用户月均建信次数≥3次，
    - Progress: 0%
    - S..."
pandapia.li,2025 年 7 月,新增建联量,156,人,"### 当月新增建联156批，并持续建信
- **Progress:** 0%
- **Score:** 0

#### Key Results:
1. 月度新增建联156批，其中门店占比70%，外拓占比30%，
    - Progress: 0%
    - Score: 0
2. 建联用户建信100%覆盖，所有建联用户月均建信次数≥3次，
    - Progress: 0%
    - S..."
pandapia.li,2025 年 7 月,新增建联量,156,人,"### 当月新增建联156批，并持续建信
- **Progress:** 0%
- **Score:** 0

#### Key Results:
1. 月度新增建联156批，其中门店占比70%，外拓占比30%，
    - Progress: 0%
    - Score: 0
2. 建联用户建信100%覆盖，所有建联用户月均建信次数≥3次，
    - Progress: 0%
    - S..."
pandapia.li,2025 年 7 月,新增建联量,156,人,"### 当月新增建联156批，并持续建信
- **Progress:** 0%
- **Score:** 0

#### Key Results:
1. 月度新增建联156批，其中门店占比70%，外拓占比30%，
    - Progress: 0%
    - Score: 0
2. 建联用户建信100%覆盖，所有建联用户月均建信次数≥3次，
    - Progress: 0%
    - S..."
pandapia.li,2025 年 7 月,试驾量,3,组,"### 完成月度车辆销售交付1台（挑战目标2台），总利润贡献≥5000元
- **Progress:** 0%
- **Score:** 0

#### Key Results:
1. 每日目标：主动线索3条，试驾3批，排程1批，30S电话量24批，
    - Progress: 0%
    - Score: 0
2. 月度锁单目标1台（挑战目标2台），试驾转化率25%，
    - Prog..."
pandapia.li,2025 年 7 月,试驾量,3,组,"### 完成月度车辆销售交付1台（挑战目标2台），总利润贡献≥5000元
- **Progress:** 0%
- **Score:** 0

#### Key Results:
1. 每日目标：主动线索3条，试驾3批，排程1批，30S电话量24批，
    - Progress: 0%
    - Score: 0
2. 月度锁单目标1台（挑战目标2台），试驾转化率25%，
    - Prog..."
peng.dai3,2025 年 7 月,交付量,10,台,"### (多卖车多赚钱):月度车辆销售交付>10辆(上月交付7辆),财务上达成Q3利润目标,确保增量投入的使用效率
月度试驾总量>160人次,人均月试驾目标为40+次,机会到试驾的转化率≥20%(上月为15.9%)
- **Progress:** 0%
- **Score:** 0

#### Key Results:
1. 月度车辆销售交付>10辆(上月交付7辆);月度锁单目标>10辆,L60锁..."
peng.dai3,2025 年 7 月,交付量,7,台,"### (多卖车多赚钱):月度车辆销售交付>10辆(上月交付7辆),财务上达成Q3利润目标,确保增量投入的使用效率
月度试驾总量>160人次,人均月试驾目标为40+次,机会到试驾的转化率≥20%(上月为15.9%)
- **Progress:** 0%
- **Score:** 0

#### Key Results:
1. 月度车辆销售交付>10辆(上月交付7辆);月度锁单目标>10辆,L60锁..."
peng.dai3,2025 年 7 月,交付量,10,台,"### (多卖车多赚钱):月度车辆销售交付>10辆(上月交付7辆),财务上达成Q3利润目标,确保增量投入的使用效率
月度试驾总量>160人次,人均月试驾目标为40+次,机会到试驾的转化率≥20%(上月为15.9%)
- **Progress:** 0%
- **Score:** 0

#### Key Results:
1. 月度车辆销售交付>10辆(上月交付7辆);月度锁单目标>10辆,L60锁..."
peng.dai3,2025 年 7 月,交付量,7,台,"### (多卖车多赚钱):月度车辆销售交付>10辆(上月交付7辆),财务上达成Q3利润目标,确保增量投入的使用效率
月度试驾总量>160人次,人均月试驾目标为40+次,机会到试驾的转化率≥20%(上月为15.9%)
- **Progress:** 0%
- **Score:** 0

#### Key Results:
1. 月度车辆销售交付>10辆(上月交付7辆);月度锁单目标>10辆,L60锁..."
peng.dai3,2025 年 7 月,交付量,7,台,"### (多卖车多赚钱):月度车辆销售交付>10辆(上月交付7辆),财务上达成Q3利润目标,确保增量投入的使用效率
月度试驾总量>160人次,人均月试驾目标为40+次,机会到试驾的转化率≥20%(上月为15.9%)
- **Progress:** 0%
- **Score:** 0

#### Key Results:
1. 月度车辆销售交付>10辆(上月交付7辆);月度锁单目标>10辆,L60锁..."
peng.dai3,2025 年 7 月,交付量,7,台,"### (多卖车多赚钱):月度车辆销售交付>10辆(上月交付7辆),财务上达成Q3利润目标,确保增量投入的使用效率
月度试驾总量>160人次,人均月试驾目标为40+次,机会到试驾的转化率≥20%(上月为15.9%)
- **Progress:** 0%
- **Score:** 0

#### Key Results:
1. 月度车辆销售交付>10辆(上月交付7辆);月度锁单目标>10辆,L60锁..."
peng.dai3,2025 年 7 月,新增建联量,270,人,"### (多建联多建信):人均建联>3人/天
- **Progress:** 0%
- **Score:** 0
- **Aligned by:**
    - 目标: 7516653429094023170, Owner: ocean.yu (open_id: ou_d089a2848b8371d8810e9131896d740d)
    - 目标: 7516653429094023170, ..."
peng.dai3,2025 年 7 月,新增建联量,3,人,"### (多建联多建信):人均建联>3人/天
- **Progress:** 0%
- **Score:** 0
- **Aligned by:**
    - 目标: 7516653429094023170, Owner: ocean.yu (open_id: ou_d089a2848b8371d8810e9131896d740d)
    - 目标: 7516653429094023170, ..."
peng.dai3,2025 年 7 月,新增建联量,270,人,"### (多建联多建信):人均建联>3人/天
- **Progress:** 0%
- **Score:** 0
- **Aligned by:**
    - 目标: 7516653429094023170, Owner: ocean.yu (open_id: ou_d089a2848b8371d8810e9131896d740d)
    - 目标: 7516653429094023170, ..."
peng.dai3,2025 年 7 月,新增建联量,270,人,"### (多建联多建信):人均建联>3人/天
- **Progress:** 0%
- **Score:** 0
- **Aligned by:**
    - 目标: 7516653429094023170, Owner: ocean.yu (open_id: ou_d089a2848b8371d8810e9131896d740d)
    - 目标: 7516653429094023170, ..."
peng.dai3,2025 年 7 月,新增建联量,270,人,"### (多建联多建信):人均建联>3人/天
- **Progress:** 0%
- **Score:** 0
- **Aligned by:**
    - 目标: 7516653429094023170, Owner: ocean.yu (open_id: ou_d089a2848b8371d8810e9131896d740d)
    - 目标: 7516653429094023170, ..."
peng.dai3,2025 年 7 月,锁单量,6,台,"### (多卖车多赚钱):月度车辆销售交付>10辆(上月交付7辆),财务上达成Q3利润目标,确保增量投入的使用效率
月度试驾总量>160人次,人均月试驾目标为40+次,机会到试驾的转化率≥20%(上月为15.9%)
- **Progress:** 0%
- **Score:** 0

#### Key Results:
1. 月度车辆销售交付>10辆(上月交付7辆);月度锁单目标>10辆,L60锁..."
peng.dai3,2025 年 7 月,锁单量,10,台,"### (多卖车多赚钱):月度车辆销售交付>10辆(上月交付7辆),财务上达成Q3利润目标,确保增量投入的使用效率
月度试驾总量>160人次,人均月试驾目标为40+次,机会到试驾的转化率≥20%(上月为15.9%)
- **Progress:** 0%
- **Score:** 0

#### Key Results:
1. 月度车辆销售交付>10辆(上月交付7辆);月度锁单目标>10辆,L60锁..."
peng.dai3,2025 年 7 月,锁单量,6,台,"### (多卖车多赚钱):月度车辆销售交付>10辆(上月交付7辆),财务上达成Q3利润目标,确保增量投入的使用效率
月度试驾总量>160人次,人均月试驾目标为40+次,机会到试驾的转化率≥20%(上月为15.9%)
- **Progress:** 0%
- **Score:** 0

#### Key Results:
1. 月度车辆销售交付>10辆(上月交付7辆);月度锁单目标>10辆,L60锁..."
qiao.wang5,2025 年 7 月,试驾量,60,组,"### 本月完成锁单目标1
冲刺目标2
- **Progress:** 0%
- **Score:** 0

#### Key Results:
1. 本月留资目标80
    - Progress: 0%
    - Score: 0
2. 本月试驾60
    - Progress: 0%
    - Score: 0
3. 本月抓紧时间学习 提升工作能力
    - Progress: 0%..."
qingyang.yi,2025 年 7 月,交付量,1,台,"### 卖1台L60，交付1台L60
留资目标日均4
试驾目标日均2
- **Progress:** 0%
- **Score:** 0

#### Key Results:
1. 卖1台L60，交付1台L60
留资目标日均4
试驾目标日均2
    - Progress: 0%
    - Score: 0

---"
qingyang.yi,2025 年 7 月,交付量,1,台,"### 卖1台L60，交付1台L60
留资目标日均4
试驾目标日均2
- **Progress:** 0%
- **Score:** 0

#### Key Results:
1. 卖1台L60，交付1台L60
留资目标日均4
试驾目标日均2
    - Progress: 0%
    - Score: 0

---"
qingyang.yi,2025 年 7 月,交付量,1,台,"### 卖1台L60，交付1台L60
留资目标日均4
试驾目标日均2
- **Progress:** 0%
- **Score:** 0

#### Key Results:
1. 卖1台L60，交付1台L60
留资目标日均4
试驾目标日均2
    - Progress: 0%
    - Score: 0

---"
qingyang.yi,2025 年 7 月,交付量,1,台,"### 卖1台L60，交付1台L60
留资目标日均4
试驾目标日均2
- **Progress:** 0%
- **Score:** 0

#### Key Results:
1. 卖1台L60，交付1台L60
留资目标日均4
试驾目标日均2
    - Progress: 0%
    - Score: 0

---"
qingyun.luo,2025 年 7 月,交付量,2,台,"### 多卖车多赚钱，7月完成月度目标，扭亏为盈，利润持正
- **Progress:** 0%
- **Score:** 0

#### Key Results:
1. 门店试驾完成30组，每周10个以上，周中试驾6组，周末试驾4组（挑战试驾完成40组）
    - Progress: 0%
    - Score: 0
2. 挑战月度交付2台（挑战交付3台）
    - Progress: 0..."
qingyun.luo,2025 年 7 月,交付量,3,台,"### 多卖车多赚钱，7月完成月度目标，扭亏为盈，利润持正
- **Progress:** 0%
- **Score:** 0

#### Key Results:
1. 门店试驾完成30组，每周10个以上，周中试驾6组，周末试驾4组（挑战试驾完成40组）
    - Progress: 0%
    - Score: 0
2. 挑战月度交付2台（挑战交付3台）
    - Progress: 0..."
qingyun.luo,2025 年 7 月,交付量,2,台,"### 多卖车多赚钱，7月完成月度目标，扭亏为盈，利润持正
- **Progress:** 0%
- **Score:** 0

#### Key Results:
1. 门店试驾完成30组，每周10个以上，周中试驾6组，周末试驾4组（挑战试驾完成40组）
    - Progress: 0%
    - Score: 0
2. 挑战月度交付2台（挑战交付3台）
    - Progress: 0..."
qingyun.luo,2025 年 7 月,交付量,3,台,"### 多卖车多赚钱，7月完成月度目标，扭亏为盈，利润持正
- **Progress:** 0%
- **Score:** 0

#### Key Results:
1. 门店试驾完成30组，每周10个以上，周中试驾6组，周末试驾4组（挑战试驾完成40组）
    - Progress: 0%
    - Score: 0
2. 挑战月度交付2台（挑战交付3台）
    - Progress: 0..."
qingyun.luo,2025 年 7 月,试驾量,6,组,"### 多卖车多赚钱，7月完成月度目标，扭亏为盈，利润持正
- **Progress:** 0%
- **Score:** 0

#### Key Results:
1. 门店试驾完成30组，每周10个以上，周中试驾6组，周末试驾4组（挑战试驾完成40组）
    - Progress: 0%
    - Score: 0
2. 挑战月度交付2台（挑战交付3台）
    - Progress: 0..."
qingyun.luo,2025 年 7 月,试驾量,4,组,"### 多卖车多赚钱，7月完成月度目标，扭亏为盈，利润持正
- **Progress:** 0%
- **Score:** 0

#### Key Results:
1. 门店试驾完成30组，每周10个以上，周中试驾6组，周末试驾4组（挑战试驾完成40组）
    - Progress: 0%
    - Score: 0
2. 挑战月度交付2台（挑战交付3台）
    - Progress: 0..."
qingyun.luo,2025 年 7 月,试驾量,6,组,"### 多卖车多赚钱，7月完成月度目标，扭亏为盈，利润持正
- **Progress:** 0%
- **Score:** 0

#### Key Results:
1. 门店试驾完成30组，每周10个以上，周中试驾6组，周末试驾4组（挑战试驾完成40组）
    - Progress: 0%
    - Score: 0
2. 挑战月度交付2台（挑战交付3台）
    - Progress: 0..."
qingyun.luo,2025 年 7 月,试驾量,4,组,"### 多卖车多赚钱，7月完成月度目标，扭亏为盈，利润持正
- **Progress:** 0%
- **Score:** 0

#### Key Results:
1. 门店试驾完成30组，每周10个以上，周中试驾6组，周末试驾4组（挑战试驾完成40组）
    - Progress: 0%
    - Score: 0
2. 挑战月度交付2台（挑战交付3台）
    - Progress: 0..."
raine.wang,2025 年 7 月,新增建联量,8,人,"### 均数最低标准及以上完成（总量平均值以上），持续推进建联建信转化，配合部门完成各项指标
试驾月5，日建联8+，持续与A类用户建信
配合直播规划
新媒体活跃度日均最低1条
- **Progress:** 0%
- **Score:** 0
- **Aligned by:**
    - 目标: 7516653429219033089, Owner: xinyu.wang18 (open_id:..."
sanjiu.liu,2025 年 7 月,新增建联量,50,人,"### 七月完成锁单L60两台 交付两台
完成试驾20组 ，新增主动建联50
完成L90小定三台
- **Progress:** 0%
- **Score:** 0
- **Aligned by:**
    - 目标: 7516653430187753474, Owner: junrui.liu (open_id: ou_b09aa1222536037204ab232121f3b4a7)

--..."
sanjiu.liu,2025 年 7 月,试驾量,20,组,"### 七月完成锁单L60两台 交付两台
完成试驾20组 ，新增主动建联50
完成L90小定三台
- **Progress:** 0%
- **Score:** 0
- **Aligned by:**
    - 目标: 7516653430187753474, Owner: junrui.liu (open_id: ou_b09aa1222536037204ab232121f3b4a7)

--..."
sanjiu.liu,2025 年 7 月,试驾量,20,组,"### 七月完成锁单L60两台 交付两台
完成试驾20组 ，新增主动建联50
完成L90小定三台
- **Progress:** 0%
- **Score:** 0
- **Aligned by:**
    - 目标: 7516653430187753474, Owner: junrui.liu (open_id: ou_b09aa1222536037204ab232121f3b4a7)

--..."
shaobao.wang,2025 年 7 月,试驾量,60,组,"### 本月锁单目标+1
- **Progress:** 0%
- **Score:** 0

#### Key Results:
1. 本月留资80
本月试驾60
本月抓紧时间学习，提升自己能力
    - Progress: 0%
    - Score: 0

---"
shengbo.chen,2025 年 7 月,新增建联量,150,人,"### 建联150
每天完成5个客户建联
- **Progress:** 0%
- **Score:** 0

---"
shengbo.chen,2025 年 7 月,试驾量,60,组,"### 试驾60
每天完成2个试驾
- **Progress:** 0%
- **Score:** 0

---"
shicheng.hua,2025 年 7 月,锁单量,3,台,"### 本月交付俩台 L90锁单3台 金融渗透率达到百分之50，选配车百分之50，二手车百分之30。每周探店并写探店报告。
- **Progress:** 0%
- **Score:** 0
- **Aligned by:**
    - 目标: 7516653428513882140, Owner: xiaoli.lu1 (open_id: ou_fd501e1019eb6533e6a7d5f6..."
shicheng.hua,2025 年 7 月,锁单量,3,台,"### 本月交付俩台 L90锁单3台 金融渗透率达到百分之50，选配车百分之50，二手车百分之30。每周探店并写探店报告。
- **Progress:** 0%
- **Score:** 0
- **Aligned by:**
    - 目标: 7516653428513882140, Owner: xiaoli.lu1 (open_id: ou_fd501e1019eb6533e6a7d5f6..."
shicheng.hua,2025 年 7 月,锁单量,3,台,"### 本月交付俩台 L90锁单3台 金融渗透率达到百分之50，选配车百分之50，二手车百分之30。每周探店并写探店报告。
- **Progress:** 0%
- **Score:** 0
- **Aligned by:**
    - 目标: 7516653428513882140, Owner: xiaoli.lu1 (open_id: ou_fd501e1019eb6533e6a7d5f6..."
shuai.li12,2025 年 7 月,交付量,5,台,"### 完成月度车辆销售交付≥5辆(挑战目标6辆),总利润贡献≥3万元
- **Progress:** 0%
- **Score:** 0

#### Key Results:
1. 完成试驾≥80个，月度新增机会>80个，合计个人机会池≥150个
    - Progress: 0%
    - Score: 0
2. 月度锁单目标≥5辆，落实试驾质量，app下载80%，选配70%，车机A级占比..."
shuai.li12,2025 年 7 月,新增建联量,100,人,"### 当月新增建联≥100人,总建联人数≥600人,并持续建信。
- **Progress:** 0%
- **Score:** 0

#### Key Results:
1. 月度新增建联>100人，新机会企微信添加70%
    - Progress: 0%
    - Score: 0
2. 建联用户的月度建信100%覆盖,所有建联用户月均建信次数30次
    - Progress: 0..."
shuai.li12,2025 年 7 月,新增建联量,100,人,"### 当月新增建联≥100人,总建联人数≥600人,并持续建信。
- **Progress:** 0%
- **Score:** 0

#### Key Results:
1. 月度新增建联>100人，新机会企微信添加70%
    - Progress: 0%
    - Score: 0
2. 建联用户的月度建信100%覆盖,所有建联用户月均建信次数30次
    - Progress: 0..."
shuai.li12,2025 年 7 月,新增建联量,100,人,"### 当月新增建联≥100人,总建联人数≥600人,并持续建信。
- **Progress:** 0%
- **Score:** 0

#### Key Results:
1. 月度新增建联>100人，新机会企微信添加70%
    - Progress: 0%
    - Score: 0
2. 建联用户的月度建信100%覆盖,所有建联用户月均建信次数30次
    - Progress: 0..."
shuai.li12,2025 年 7 月,新增建联量,100,人,"### 当月新增建联≥100人,总建联人数≥600人,并持续建信。
- **Progress:** 0%
- **Score:** 0

#### Key Results:
1. 月度新增建联>100人，新机会企微信添加70%
    - Progress: 0%
    - Score: 0
2. 建联用户的月度建信100%覆盖,所有建联用户月均建信次数30次
    - Progress: 0..."
shuai.li12,2025 年 7 月,试驾量,80,组,"### 完成月度车辆销售交付≥5辆(挑战目标6辆),总利润贡献≥3万元
- **Progress:** 0%
- **Score:** 0

#### Key Results:
1. 完成试驾≥80个，月度新增机会>80个，合计个人机会池≥150个
    - Progress: 0%
    - Score: 0
2. 月度锁单目标≥5辆，落实试驾质量，app下载80%，选配70%，车机A级占比..."
shuhang.liu2,2025 年 7 月,新增建联量,200,人,"### V2（多建联多建信）：当月新增建联 ≥ 400 人，总建联人数 ≥ 450人，并持续建信。
- **Progress:** 0%
- **Score:** 0

#### Key Results:
1. A1：月度新增建联 ≥ 300 人（其中主动建联 ≥ 50人，门店路演建联 ≥ 50人，电话建联≥200
    - Progress: 0%
    - Score: 0
2. A3：新..."
shuo.qiu,2025 年 7 月,交付量,1,台,"### (多卖车多赚钱):完成月度车辆销售交付≥1辆(挑战目标2辆),总利润亏损＜2万
- **Progress:** 0%
- **Score:** 0

#### Key Results:
1. 完成试驾≥50个。月度新增机会>40个,合计个人机会池≥10个,机会到试驾的转化率≥30%
    - Progress: 0%
    - Score: 0
2. 月度锁单目标≥2辆,试驾到锁单的转..."
shuo.qiu,2025 年 7 月,新增建联量,60,人,"### (多建联多建信):当月新增建联≥60人,总建联人数≥50人,并持续建信。
- **Progress:** 0%
- **Score:** 0

#### Key Results:
1. 月度新增建联>50人(其中主动建联≥15人,门店路演建联10人,小红书等其他线上渠道建联20人。)
    - Progress: 0%
    - Score: 0
2. 建联用户的月度建信100%覆盖,..."
shuo.qiu,2025 年 7 月,新增建联量,50,人,"### (多建联多建信):当月新增建联≥60人,总建联人数≥50人,并持续建信。
- **Progress:** 0%
- **Score:** 0

#### Key Results:
1. 月度新增建联>50人(其中主动建联≥15人,门店路演建联10人,小红书等其他线上渠道建联20人。)
    - Progress: 0%
    - Score: 0
2. 建联用户的月度建信100%覆盖,..."
shuo.qiu,2025 年 7 月,新增建联量,60,人,"### (多建联多建信):当月新增建联≥60人,总建联人数≥50人,并持续建信。
- **Progress:** 0%
- **Score:** 0

#### Key Results:
1. 月度新增建联>50人(其中主动建联≥15人,门店路演建联10人,小红书等其他线上渠道建联20人。)
    - Progress: 0%
    - Score: 0
2. 建联用户的月度建信100%覆盖,..."
shuo.qiu,2025 年 7 月,新增建联量,50,人,"### (多建联多建信):当月新增建联≥60人,总建联人数≥50人,并持续建信。
- **Progress:** 0%
- **Score:** 0

#### Key Results:
1. 月度新增建联>50人(其中主动建联≥15人,门店路演建联10人,小红书等其他线上渠道建联20人。)
    - Progress: 0%
    - Score: 0
2. 建联用户的月度建信100%覆盖,..."
shuo.qiu,2025 年 7 月,新增建联量,15,人,"### (多建联多建信):当月新增建联≥60人,总建联人数≥50人,并持续建信。
- **Progress:** 0%
- **Score:** 0

#### Key Results:
1. 月度新增建联>50人(其中主动建联≥15人,门店路演建联10人,小红书等其他线上渠道建联20人。)
    - Progress: 0%
    - Score: 0
2. 建联用户的月度建信100%覆盖,..."
shuo.qiu,2025 年 7 月,新增建联量,10,人,"### (多建联多建信):当月新增建联≥60人,总建联人数≥50人,并持续建信。
- **Progress:** 0%
- **Score:** 0

#### Key Results:
1. 月度新增建联>50人(其中主动建联≥15人,门店路演建联10人,小红书等其他线上渠道建联20人。)
    - Progress: 0%
    - Score: 0
2. 建联用户的月度建信100%覆盖,..."
shuo.qiu,2025 年 7 月,新增建联量,20,人,"### (多建联多建信):当月新增建联≥60人,总建联人数≥50人,并持续建信。
- **Progress:** 0%
- **Score:** 0

#### Key Results:
1. 月度新增建联>50人(其中主动建联≥15人,门店路演建联10人,小红书等其他线上渠道建联20人。)
    - Progress: 0%
    - Score: 0
2. 建联用户的月度建信100%覆盖,..."
shuo.qiu,2025 年 7 月,新增建联量,10,人,"### (多建联多建信):当月新增建联≥60人,总建联人数≥50人,并持续建信。
- **Progress:** 0%
- **Score:** 0

#### Key Results:
1. 月度新增建联>50人(其中主动建联≥15人,门店路演建联10人,小红书等其他线上渠道建联20人。)
    - Progress: 0%
    - Score: 0
2. 建联用户的月度建信100%覆盖,..."
shuo.qiu,2025 年 7 月,新增建联量,20,人,"### (多建联多建信):当月新增建联≥60人,总建联人数≥50人,并持续建信。
- **Progress:** 0%
- **Score:** 0

#### Key Results:
1. 月度新增建联>50人(其中主动建联≥15人,门店路演建联10人,小红书等其他线上渠道建联20人。)
    - Progress: 0%
    - Score: 0
2. 建联用户的月度建信100%覆盖,..."
shuo.qiu,2025 年 7 月,试驾量,50,组,"### (多卖车多赚钱):完成月度车辆销售交付≥1辆(挑战目标2辆),总利润亏损＜2万
- **Progress:** 0%
- **Score:** 0

#### Key Results:
1. 完成试驾≥50个。月度新增机会>40个,合计个人机会池≥10个,机会到试驾的转化率≥30%
    - Progress: 0%
    - Score: 0
2. 月度锁单目标≥2辆,试驾到锁单的转..."
techang.hu,2025 年 7 月,新增建联量,200,人,"### （多建联多建信）：当月新增建联 ≥ 400 人，总建联人数 ≥ 450人，并持续建信。
- **Progress:** 0%
- **Score:** 0

#### Key Results:
1. 月度新增建联 ≥ 300 人（其中主动建联 ≥ 50人，门店路演建联 ≥ 50人，电话建联≥200
    - Progress: 0%
    - Score: 0
2. 建联用户的月度建信..."
tian.gu,2025 年 7 月,新增建联量,50,人,"### 7月完成个人销售L60目标3台L90意向金10台
- **Progress:** 0%
- **Score:** 0
- **Aligned by:**
    - 目标: 7516653428668432386, Owner: xunxun.lou (open_id: ou_93f15ffd26366da4b18938e046fe1e51)
    - 目标: 7516653428668..."
tian.gu,2025 年 7 月,新增建联量,15,人,"### 7月完成个人销售L60目标3台L90意向金10台
- **Progress:** 0%
- **Score:** 0
- **Aligned by:**
    - 目标: 7516653428668432386, Owner: xunxun.lou (open_id: ou_93f15ffd26366da4b18938e046fe1e51)
    - 目标: 7516653428668..."
tian.gu,2025 年 7 月,新增建联量,10,人,"### 7月完成个人销售L60目标3台L90意向金10台
- **Progress:** 0%
- **Score:** 0
- **Aligned by:**
    - 目标: 7516653428668432386, Owner: xunxun.lou (open_id: ou_93f15ffd26366da4b18938e046fe1e51)
    - 目标: 7516653428668..."
tianxiang.xia2,2025 年 7 月,试驾量,5,组,"### 丰富产品知识 目标交付 2 台 建联 50 批 试驾 30 次
- **Progress:** 0%
- **Score:** 0

#### Key Results:
1. 门店留资百分之五十 %
    - Progress: 0%
    - Score: 0
2. 主动外拓：
 主动外拓留资 22 试驾 15
 异业合作（霸王茶姬＋荟聚商城）留资 40+ 试驾 15+
    - ..."
weiming.zhou2,2025 年 7 月,锁单量,1,台,"### 本月内熟悉乐道销售全流程  挑战首月L60交付一台 L90意向金2个 锁单1台
- **Progress:** 0%
- **Score:** 0

#### Key Results:
1. 按时足量完成Fellow入职培训课程
    - Progress: 0%
    - Score: 0
2. 每日电话接通50组以上 15秒以上30个 1分钟以上15组
    - Progress..."
weiming.zhou2,2025 年 7 月,锁单量,1,台,"### 本月内熟悉乐道销售全流程  挑战首月L60交付一台 L90意向金2个 锁单1台
- **Progress:** 0%
- **Score:** 0

#### Key Results:
1. 按时足量完成Fellow入职培训课程
    - Progress: 0%
    - Score: 0
2. 每日电话接通50组以上 15秒以上30个 1分钟以上15组
    - Progress..."
wenbo.zhang7,2025 年 7 月,交付量,1,台,"### 完成月度车辆销售交付≥1辆
- **Progress:** 0%
- **Score:** 0

#### Key Results:
1. 完成试驾 ≥10个。月度新增购车需求≥ X 个（上月为Y个），个人合计购车需求池≥50个，机会到试驾的转化率≥10%。
    - Progress: 0%
    - Score: 0
2. 月度锁单目标≥1辆，试驾到锁单的转化率≥10%
    -..."
wenbo.zhang7,2025 年 7 月,新增建联量,100,人,"### 当月新增建联≥100人，总建联人数≥100人，并持续建信。
- **Progress:** 0%
- **Score:** 0

#### Key Results:
1. 月度新增建联≥100人
    - Progress: 0%
    - Score: 0
2. 建联用户的月度建信100%覆盖，所有建联用户月均建信次数≥3次
    - Progress: 0%
    - Scor..."
wenbo.zhang7,2025 年 7 月,新增建联量,100,人,"### 当月新增建联≥100人，总建联人数≥100人，并持续建信。
- **Progress:** 0%
- **Score:** 0

#### Key Results:
1. 月度新增建联≥100人
    - Progress: 0%
    - Score: 0
2. 建联用户的月度建信100%覆盖，所有建联用户月均建信次数≥3次
    - Progress: 0%
    - Scor..."
wenbo.zhang7,2025 年 7 月,新增建联量,100,人,"### 当月新增建联≥100人，总建联人数≥100人，并持续建信。
- **Progress:** 0%
- **Score:** 0

#### Key Results:
1. 月度新增建联≥100人
    - Progress: 0%
    - Score: 0
2. 建联用户的月度建信100%覆盖，所有建联用户月均建信次数≥3次
    - Progress: 0%
    - Scor..."
wenbo.zhang7,2025 年 7 月,新增建联量,100,人,"### 当月新增建联≥100人，总建联人数≥100人，并持续建信。
- **Progress:** 0%
- **Score:** 0

#### Key Results:
1. 月度新增建联≥100人
    - Progress: 0%
    - Score: 0
2. 建联用户的月度建信100%覆盖，所有建联用户月均建信次数≥3次
    - Progress: 0%
    - Scor..."
wenjun.luo,2025 年 7 月,交付量,1,台,"### 1：完成月度车辆销售交付1台（挑战目标2台），总利润贡献≥5000元
- **Progress:** 0%
- **Score:** 0

#### Key Results:
1. 每日目标：主动线索3条，试驾3批，排程1批，30S电话量24批，
    - Progress: 0%
    - Score: 0
2. 月度锁单目标1台（挑战目标2台），试驾转化率25%，
    - Pr..."
wenjun.luo,2025 年 7 月,交付量,1,台,"### 1：完成月度车辆销售交付1台（挑战目标2台），总利润贡献≥5000元
- **Progress:** 0%
- **Score:** 0

#### Key Results:
1. 每日目标：主动线索3条，试驾3批，排程1批，30S电话量24批，
    - Progress: 0%
    - Score: 0
2. 月度锁单目标1台（挑战目标2台），试驾转化率25%，
    - Pr..."
wenjun.luo,2025 年 7 月,新增建联量,156,人,"### 当月新增建联156批，并持续建信
- **Progress:** 0%
- **Score:** 0

#### Key Results:
1. 月度新增建联156批，其中门店占比70%，外拓占比30%
    - Progress: 0%
    - Score: 0
2. 建联用户建信100%覆盖，所有建联用户月均建信次数≥3次
    - Progress: 0%
    - Sco..."
wenjun.luo,2025 年 7 月,新增建联量,156,人,"### 当月新增建联156批，并持续建信
- **Progress:** 0%
- **Score:** 0

#### Key Results:
1. 月度新增建联156批，其中门店占比70%，外拓占比30%
    - Progress: 0%
    - Score: 0
2. 建联用户建信100%覆盖，所有建联用户月均建信次数≥3次
    - Progress: 0%
    - Sco..."
wenjun.luo,2025 年 7 月,新增建联量,156,人,"### 当月新增建联156批，并持续建信
- **Progress:** 0%
- **Score:** 0

#### Key Results:
1. 月度新增建联156批，其中门店占比70%，外拓占比30%
    - Progress: 0%
    - Score: 0
2. 建联用户建信100%覆盖，所有建联用户月均建信次数≥3次
    - Progress: 0%
    - Sco..."
wenjun.luo,2025 年 7 月,新增建联量,156,人,"### 当月新增建联156批，并持续建信
- **Progress:** 0%
- **Score:** 0

#### Key Results:
1. 月度新增建联156批，其中门店占比70%，外拓占比30%
    - Progress: 0%
    - Score: 0
2. 建联用户建信100%覆盖，所有建联用户月均建信次数≥3次
    - Progress: 0%
    - Sco..."
wenjun.luo,2025 年 7 月,新增建联量,156,人,"### 当月新增建联156批，并持续建信
- **Progress:** 0%
- **Score:** 0

#### Key Results:
1. 月度新增建联156批，其中门店占比70%，外拓占比30%
    - Progress: 0%
    - Score: 0
2. 建联用户建信100%覆盖，所有建联用户月均建信次数≥3次
    - Progress: 0%
    - Sco..."
wenjun.luo,2025 年 7 月,新增建联量,156,人,"### 当月新增建联156批，并持续建信
- **Progress:** 0%
- **Score:** 0

#### Key Results:
1. 月度新增建联156批，其中门店占比70%，外拓占比30%
    - Progress: 0%
    - Score: 0
2. 建联用户建信100%覆盖，所有建联用户月均建信次数≥3次
    - Progress: 0%
    - Sco..."
wenjun.luo,2025 年 7 月,新增建联量,156,人,"### 当月新增建联156批，并持续建信
- **Progress:** 0%
- **Score:** 0

#### Key Results:
1. 月度新增建联156批，其中门店占比70%，外拓占比30%
    - Progress: 0%
    - Score: 0
2. 建联用户建信100%覆盖，所有建联用户月均建信次数≥3次
    - Progress: 0%
    - Sco..."
wenjun.luo,2025 年 7 月,新增建联量,156,人,"### 当月新增建联156批，并持续建信
- **Progress:** 0%
- **Score:** 0

#### Key Results:
1. 月度新增建联156批，其中门店占比70%，外拓占比30%
    - Progress: 0%
    - Score: 0
2. 建联用户建信100%覆盖，所有建联用户月均建信次数≥3次
    - Progress: 0%
    - Sco..."
wenjun.luo,2025 年 7 月,试驾量,3,组,"### 1：完成月度车辆销售交付1台（挑战目标2台），总利润贡献≥5000元
- **Progress:** 0%
- **Score:** 0

#### Key Results:
1. 每日目标：主动线索3条，试驾3批，排程1批，30S电话量24批，
    - Progress: 0%
    - Score: 0
2. 月度锁单目标1台（挑战目标2台），试驾转化率25%，
    - Pr..."
wenjun.luo,2025 年 7 月,试驾量,3,组,"### 1：完成月度车辆销售交付1台（挑战目标2台），总利润贡献≥5000元
- **Progress:** 0%
- **Score:** 0

#### Key Results:
1. 每日目标：主动线索3条，试驾3批，排程1批，30S电话量24批，
    - Progress: 0%
    - Score: 0
2. 月度锁单目标1台（挑战目标2台），试驾转化率25%，
    - Pr..."
wenwen.wu,2025 年 7 月,交付量,5,台,"### V1(多卖车多赚钱):完成月度车辆销售交付≥5辆(挑战目标6辆),总利润贡献≥3万元
A1:完成试驾≥80个，月度新增机会>80个，合计个人机会池≥150个

A2:月度锁单目标≥5辆，落实试驾质量，app下载80%，选配70%，车机A级占比90%，录音合格率90%

A3:高配车型销售占比50%，官方汽车金融占比>60%，官方二手车占比>40%


V2(多建联多建信):当月新增建联≥1..."
wenwen.wu,2025 年 7 月,新增建联量,100,人,"### V1(多卖车多赚钱):完成月度车辆销售交付≥5辆(挑战目标6辆),总利润贡献≥3万元
A1:完成试驾≥80个，月度新增机会>80个，合计个人机会池≥150个

A2:月度锁单目标≥5辆，落实试驾质量，app下载80%，选配70%，车机A级占比90%，录音合格率90%

A3:高配车型销售占比50%，官方汽车金融占比>60%，官方二手车占比>40%


V2(多建联多建信):当月新增建联≥1..."
wenwen.wu,2025 年 7 月,新增建联量,100,人,"### V1(多卖车多赚钱):完成月度车辆销售交付≥5辆(挑战目标6辆),总利润贡献≥3万元
A1:完成试驾≥80个，月度新增机会>80个，合计个人机会池≥150个

A2:月度锁单目标≥5辆，落实试驾质量，app下载80%，选配70%，车机A级占比90%，录音合格率90%

A3:高配车型销售占比50%，官方汽车金融占比>60%，官方二手车占比>40%


V2(多建联多建信):当月新增建联≥1..."
wenwen.wu,2025 年 7 月,新增建联量,100,人,"### V1(多卖车多赚钱):完成月度车辆销售交付≥5辆(挑战目标6辆),总利润贡献≥3万元
A1:完成试驾≥80个，月度新增机会>80个，合计个人机会池≥150个

A2:月度锁单目标≥5辆，落实试驾质量，app下载80%，选配70%，车机A级占比90%，录音合格率90%

A3:高配车型销售占比50%，官方汽车金融占比>60%，官方二手车占比>40%


V2(多建联多建信):当月新增建联≥1..."
wenwen.wu,2025 年 7 月,新增建联量,100,人,"### V1(多卖车多赚钱):完成月度车辆销售交付≥5辆(挑战目标6辆),总利润贡献≥3万元
A1:完成试驾≥80个，月度新增机会>80个，合计个人机会池≥150个

A2:月度锁单目标≥5辆，落实试驾质量，app下载80%，选配70%，车机A级占比90%，录音合格率90%

A3:高配车型销售占比50%，官方汽车金融占比>60%，官方二手车占比>40%


V2(多建联多建信):当月新增建联≥1..."
wenwen.wu,2025 年 7 月,试驾量,80,组,"### V1(多卖车多赚钱):完成月度车辆销售交付≥5辆(挑战目标6辆),总利润贡献≥3万元
A1:完成试驾≥80个，月度新增机会>80个，合计个人机会池≥150个

A2:月度锁单目标≥5辆，落实试驾质量，app下载80%，选配70%，车机A级占比90%，录音合格率90%

A3:高配车型销售占比50%，官方汽车金融占比>60%，官方二手车占比>40%


V2(多建联多建信):当月新增建联≥1..."
wenya.yang,2025 年 7 月,交付量,2,台,"### 多积累客户资源 ，抖音➕小红书拓客，每天直播半小时以上 ，完成月度4台锁单，交付2台目标，L90意向金10个，中高配车型占比超45%
- **Progress:** 0%
- **Score:** 0

#### Key Results:
1. 目标拆解，建联每日6个以上，每日call量20个三十秒以上，月试驾30组以上。
    - Progress: 0%
    - Score: 0..."
wenya.yang,2025 年 7 月,交付量,2,台,"### 多积累客户资源 ，抖音➕小红书拓客，每天直播半小时以上 ，完成月度4台锁单，交付2台目标，L90意向金10个，中高配车型占比超45%
- **Progress:** 0%
- **Score:** 0

#### Key Results:
1. 目标拆解，建联每日6个以上，每日call量20个三十秒以上，月试驾30组以上。
    - Progress: 0%
    - Score: 0..."
wenya.yang,2025 年 7 月,试驾量,30,组,"### 多积累客户资源 ，抖音➕小红书拓客，每天直播半小时以上 ，完成月度4台锁单，交付2台目标，L90意向金10个，中高配车型占比超45%
- **Progress:** 0%
- **Score:** 0

#### Key Results:
1. 目标拆解，建联每日6个以上，每日call量20个三十秒以上，月试驾30组以上。
    - Progress: 0%
    - Score: 0..."
wenya.yang,2025 年 7 月,试驾量,30,组,"### 多积累客户资源 ，抖音➕小红书拓客，每天直播半小时以上 ，完成月度4台锁单，交付2台目标，L90意向金10个，中高配车型占比超45%
- **Progress:** 0%
- **Score:** 0

#### Key Results:
1. 目标拆解，建联每日6个以上，每日call量20个三十秒以上，月试驾30组以上。
    - Progress: 0%
    - Score: 0..."
wenyu.zhang4,2025 年 7 月,试驾量,30,组,"### 7月电话300个 主动建联门店接待40个 试驾30个
- **Progress:** 0%
- **Score:** 0

#### Key Results:
1. 门店接待每日最低留资两个以上 电话20个 邀约试驾一周五个以上 争取十次试驾
    - Progress: 0%
    - Score: 0

---"
wenyu.zhang4,2025 年 7 月,试驾量,30,组,"### 7月电话300个 主动建联门店接待40个 试驾30个
- **Progress:** 0%
- **Score:** 0

#### Key Results:
1. 门店接待每日最低留资两个以上 电话20个 邀约试驾一周五个以上 争取十次试驾
    - Progress: 0%
    - Score: 0

---"
wenyu.zhang4,2025 年 7 月,锁单量,2,台,"### 7月L60锁单2台，L90锁单1台
- **Progress:** 0%
- **Score:** 0

#### Key Results:
1. 7.10号之前上10个 每日跟进更新梳理fc表
    - Progress: 0%
    - Score: 0

---"
wenyu.zhang4,2025 年 7 月,锁单量,1,台,"### 7月L60锁单2台，L90锁单1台
- **Progress:** 0%
- **Score:** 0

#### Key Results:
1. 7.10号之前上10个 每日跟进更新梳理fc表
    - Progress: 0%
    - Score: 0

---"
wenyu.zhang4,2025 年 7 月,锁单量,2,台,"### 7月L60锁单2台，L90锁单1台
- **Progress:** 0%
- **Score:** 0

#### Key Results:
1. 7.10号之前上10个 每日跟进更新梳理fc表
    - Progress: 0%
    - Score: 0

---"
wenyu.zhang4,2025 年 7 月,锁单量,1,台,"### 7月L60锁单2台，L90锁单1台
- **Progress:** 0%
- **Score:** 0

#### Key Results:
1. 7.10号之前上10个 每日跟进更新梳理fc表
    - Progress: 0%
    - Score: 0

---"
wenyu.zhang4,2025 年 7 月,锁单量,2,台,"### 7月L60锁单2台，L90锁单1台
- **Progress:** 0%
- **Score:** 0

#### Key Results:
1. 7.10号之前上10个 每日跟进更新梳理fc表
    - Progress: 0%
    - Score: 0

---"
wenyu.zhang4,2025 年 7 月,锁单量,1,台,"### 7月L60锁单2台，L90锁单1台
- **Progress:** 0%
- **Score:** 0

#### Key Results:
1. 7.10号之前上10个 每日跟进更新梳理fc表
    - Progress: 0%
    - Score: 0

---"
will.xiao,2025 年 7 月,新增建联量,60,人,"### V1（能力成长）：持续学习，提升建联建信、卖车及服务相关的能力A1：（新 Fellow）通过 ACDC培训
A2：完成并通过产品知识考试（如有）；完成竞品车型的攻防演练（如有）A3：每周输出1个优秀案例并在团队内分享
A4：每月完成一本销售类书籍的阅读（如销售、心理学、谈判，等），并在战队内分享
- **Progress:** 0%
- **Score:** 0

#### Key Res..."
will.xiao,2025 年 7 月,新增建联量,60,人,"### V1（能力成长）：持续学习，提升建联建信、卖车及服务相关的能力A1：（新 Fellow）通过 ACDC培训
A2：完成并通过产品知识考试（如有）；完成竞品车型的攻防演练（如有）A3：每周输出1个优秀案例并在团队内分享
A4：每月完成一本销售类书籍的阅读（如销售、心理学、谈判，等），并在战队内分享
- **Progress:** 0%
- **Score:** 0

#### Key Res..."
william.tao,2025 年 7 月,交付量,2,台,"### 多卖车多赚钱：月交付目标2台，锁单4台
（L60交付2台，锁单2台，L90锁单2台）
- **Progress:** 0%
- **Score:** 0

#### Key Results:
1. 月建联总量150，新建建联120（月度建信百分百覆盖）
    - Progress: 0%
    - Score: 0
2. 月试驾总数60组 周试驾总数15组
周新增2组Forcase
 ..."
william.tao,2025 年 7 月,交付量,2,台,"### 多卖车多赚钱：月交付目标2台，锁单4台
（L60交付2台，锁单2台，L90锁单2台）
- **Progress:** 0%
- **Score:** 0

#### Key Results:
1. 月建联总量150，新建建联120（月度建信百分百覆盖）
    - Progress: 0%
    - Score: 0
2. 月试驾总数60组 周试驾总数15组
周新增2组Forcase
 ..."
william.tao,2025 年 7 月,交付量,2,台,"### 多卖车多赚钱：月交付目标2台，锁单4台
（L60交付2台，锁单2台，L90锁单2台）
- **Progress:** 0%
- **Score:** 0

#### Key Results:
1. 月建联总量150，新建建联120（月度建信百分百覆盖）
    - Progress: 0%
    - Score: 0
2. 月试驾总数60组 周试驾总数15组
周新增2组Forcase
 ..."
william.tao,2025 年 7 月,新增建联量,120,人,"### 多卖车多赚钱：月交付目标2台，锁单4台
（L60交付2台，锁单2台，L90锁单2台）
- **Progress:** 0%
- **Score:** 0

#### Key Results:
1. 月建联总量150，新建建联120（月度建信百分百覆盖）
    - Progress: 0%
    - Score: 0
2. 月试驾总数60组 周试驾总数15组
周新增2组Forcase
 ..."
william.tao,2025 年 7 月,锁单量,4,台,"### 多卖车多赚钱：月交付目标2台，锁单4台
（L60交付2台，锁单2台，L90锁单2台）
- **Progress:** 0%
- **Score:** 0

#### Key Results:
1. 月建联总量150，新建建联120（月度建信百分百覆盖）
    - Progress: 0%
    - Score: 0
2. 月试驾总数60组 周试驾总数15组
周新增2组Forcase
 ..."
william.tao,2025 年 7 月,锁单量,2,台,"### 多卖车多赚钱：月交付目标2台，锁单4台
（L60交付2台，锁单2台，L90锁单2台）
- **Progress:** 0%
- **Score:** 0

#### Key Results:
1. 月建联总量150，新建建联120（月度建信百分百覆盖）
    - Progress: 0%
    - Score: 0
2. 月试驾总数60组 周试驾总数15组
周新增2组Forcase
 ..."
william.tao,2025 年 7 月,锁单量,2,台,"### 多卖车多赚钱：月交付目标2台，锁单4台
（L60交付2台，锁单2台，L90锁单2台）
- **Progress:** 0%
- **Score:** 0

#### Key Results:
1. 月建联总量150，新建建联120（月度建信百分百覆盖）
    - Progress: 0%
    - Score: 0
2. 月试驾总数60组 周试驾总数15组
周新增2组Forcase
 ..."
william.tao,2025 年 7 月,锁单量,4,台,"### 多卖车多赚钱：月交付目标2台，锁单4台
（L60交付2台，锁单2台，L90锁单2台）
- **Progress:** 0%
- **Score:** 0

#### Key Results:
1. 月建联总量150，新建建联120（月度建信百分百覆盖）
    - Progress: 0%
    - Score: 0
2. 月试驾总数60组 周试驾总数15组
周新增2组Forcase
 ..."
william.tao,2025 年 7 月,锁单量,2,台,"### 多卖车多赚钱：月交付目标2台，锁单4台
（L60交付2台，锁单2台，L90锁单2台）
- **Progress:** 0%
- **Score:** 0

#### Key Results:
1. 月建联总量150，新建建联120（月度建信百分百覆盖）
    - Progress: 0%
    - Score: 0
2. 月试驾总数60组 周试驾总数15组
周新增2组Forcase
 ..."
william.tao,2025 年 7 月,锁单量,2,台,"### 多卖车多赚钱：月交付目标2台，锁单4台
（L60交付2台，锁单2台，L90锁单2台）
- **Progress:** 0%
- **Score:** 0

#### Key Results:
1. 月建联总量150，新建建联120（月度建信百分百覆盖）
    - Progress: 0%
    - Score: 0
2. 月试驾总数60组 周试驾总数15组
周新增2组Forcase
 ..."
william.tao,2025 年 7 月,锁单量,2,台,"### 多卖车多赚钱：月交付目标2台，锁单4台
（L60交付2台，锁单2台，L90锁单2台）
- **Progress:** 0%
- **Score:** 0

#### Key Results:
1. 月建联总量150，新建建联120（月度建信百分百覆盖）
    - Progress: 0%
    - Score: 0
2. 月试驾总数60组 周试驾总数15组
周新增2组Forcase
 ..."
wujun.ren,2025 年 7 月,交付量,2,台,"### （多卖车多赚钱）：月度车辆销售交付≥2台
（挑战目标3台）
L90锁单≥1台，意向金≥1台
- **Progress:** 0%
- **Score:** 0
- **Aligned by:**
    - 目标: 7516651185101783068, Owner: freda.chang (open_id: ou_5881ab3db20d6a8b900cf7c9ba356fc4)
 ..."
wujun.ren,2025 年 7 月,新增建联量,100,人,"### （多建联多建信）：单日建联≥4组/人/天，并持续建信
- **Progress:** 0%
- **Score:** 0
- **Aligned by:**
    - 目标: 7516651185101783068, Owner: freda.chang (open_id: ou_5881ab3db20d6a8b900cf7c9ba356fc4)
    - 目标: 7516653430..."
wujun.ren,2025 年 7 月,新增建联量,4,人,"### （多建联多建信）：单日建联≥4组/人/天，并持续建信
- **Progress:** 0%
- **Score:** 0
- **Aligned by:**
    - 目标: 7516651185101783068, Owner: freda.chang (open_id: ou_5881ab3db20d6a8b900cf7c9ba356fc4)
    - 目标: 7516653430..."
wujun.ren,2025 年 7 月,新增建联量,100,人,"### （多建联多建信）：单日建联≥4组/人/天，并持续建信
- **Progress:** 0%
- **Score:** 0
- **Aligned by:**
    - 目标: 7516651185101783068, Owner: freda.chang (open_id: ou_5881ab3db20d6a8b900cf7c9ba356fc4)
    - 目标: 7516653430..."
wujun.ren,2025 年 7 月,新增建联量,20,人,"### （多建联多建信）：单日建联≥4组/人/天，并持续建信
- **Progress:** 0%
- **Score:** 0
- **Aligned by:**
    - 目标: 7516651185101783068, Owner: freda.chang (open_id: ou_5881ab3db20d6a8b900cf7c9ba356fc4)
    - 目标: 7516653430..."
wujun.ren,2025 年 7 月,试驾量,50,组,"### （多卖车多赚钱）：月度车辆销售交付≥2台
（挑战目标3台）
L90锁单≥1台，意向金≥1台
- **Progress:** 0%
- **Score:** 0
- **Aligned by:**
    - 目标: 7516651185101783068, Owner: freda.chang (open_id: ou_5881ab3db20d6a8b900cf7c9ba356fc4)
 ..."
wujun.ren,2025 年 7 月,锁单量,1,台,"### （多卖车多赚钱）：月度车辆销售交付≥2台
（挑战目标3台）
L90锁单≥1台，意向金≥1台
- **Progress:** 0%
- **Score:** 0
- **Aligned by:**
    - 目标: 7516651185101783068, Owner: freda.chang (open_id: ou_5881ab3db20d6a8b900cf7c9ba356fc4)
 ..."
xiang.zhou7,2025 年 7 月,试驾量,12,组,"### 本月完成上岗考核。完成基础试驾、外呼、新增用户目标。
- **Progress:** 0%
- **Score:** 0
- **Aligned by:**
    - 目标: 7516653429860417537, Owner: bob.bu1 (open_id: ou_ec735a25e674faeee5f1a06dcada7399)

#### Key Results:
1. 每周..."
xiang.zhou7,2025 年 7 月,试驾量,12,组,"### 本月完成上岗考核。完成基础试驾、外呼、新增用户目标。
- **Progress:** 0%
- **Score:** 0
- **Aligned by:**
    - 目标: 7516653429860417537, Owner: bob.bu1 (open_id: ou_ec735a25e674faeee5f1a06dcada7399)

#### Key Results:
1. 每周..."
xianmin.lan,2025 年 7 月,交付量,1,台,"### 当月目标交付1辆，试驾10组，建联:40人，
- **Progress:** 0%
- **Score:** 0

#### Key Results:
1. 加强学习，熟记产品知识卖点，尽快上手开单
    - Progress: 0%
    - Score: 0
2. 培训区间专心认真听课，早点考试结束，拿到内部驾照。
    - Progress: 0%
    - Score: 0..."
xianmin.lan,2025 年 7 月,交付量,1,台,"### 当月目标交付1辆，试驾10组，建联:40人，
- **Progress:** 0%
- **Score:** 0

#### Key Results:
1. 加强学习，熟记产品知识卖点，尽快上手开单
    - Progress: 0%
    - Score: 0
2. 培训区间专心认真听课，早点考试结束，拿到内部驾照。
    - Progress: 0%
    - Score: 0..."
xianmin.lan,2025 年 7 月,试驾量,10,组,"### 当月目标交付1辆，试驾10组，建联:40人，
- **Progress:** 0%
- **Score:** 0

#### Key Results:
1. 加强学习，熟记产品知识卖点，尽快上手开单
    - Progress: 0%
    - Score: 0
2. 培训区间专心认真听课，早点考试结束，拿到内部驾照。
    - Progress: 0%
    - Score: 0..."
xianmin.lan,2025 年 7 月,试驾量,10,组,"### 当月目标交付1辆，试驾10组，建联:40人，
- **Progress:** 0%
- **Score:** 0

#### Key Results:
1. 加强学习，熟记产品知识卖点，尽快上手开单
    - Progress: 0%
    - Score: 0
2. 培训区间专心认真听课，早点考试结束，拿到内部驾照。
    - Progress: 0%
    - Score: 0..."
xiaojie.xiong,2025 年 7 月,新增建联量,80,人,"### 1.月保一争二，完成新人首单任务
2.通过门店接待、拦截网络祈渠道建联80个
3.每日外呼有效接通50个，月试驾40个
4.接待流程试驾流程学习演练
- **Progress:** 0%
- **Score:** 0

---"
xiaojie.xiong,2025 年 7 月,新增建联量,80,人,"### 1.月保一争二，完成新人首单任务
2.通过门店接待、拦截网络祈渠道建联80个
3.每日外呼有效接通50个，月试驾40个
4.接待流程试驾流程学习演练
- **Progress:** 0%
- **Score:** 0

---"
xiaojie.xiong,2025 年 7 月,试驾量,40,组,"### 1.月保一争二，完成新人首单任务
2.通过门店接待、拦截网络祈渠道建联80个
3.每日外呼有效接通50个，月试驾40个
4.接待流程试驾流程学习演练
- **Progress:** 0%
- **Score:** 0

---"
xiaojie.xiong,2025 年 7 月,试驾量,40,组,"### 1.月保一争二，完成新人首单任务
2.通过门店接待、拦截网络祈渠道建联80个
3.每日外呼有效接通50个，月试驾40个
4.接待流程试驾流程学习演练
- **Progress:** 0%
- **Score:** 0

---"
xiaolong.yang8,2025 年 7 月,交付量,1,台,"### 多卖车多赚钱：L60锁单2台，交付1台以上
L90锁单3台
- **Progress:** 0%
- **Score:** 0

#### Key Results:
1. L60高配车型≥1台
L90大定≥10台
    - Progress: 0%
    - Score: 0

---"
xiaolong.yang8,2025 年 7 月,交付量,1,台,"### 多卖车多赚钱：L60锁单2台，交付1台以上
L90锁单3台
- **Progress:** 0%
- **Score:** 0

#### Key Results:
1. L60高配车型≥1台
L90大定≥10台
    - Progress: 0%
    - Score: 0

---"
xiaolong.yang8,2025 年 7 月,锁单量,2,台,"### 多卖车多赚钱：L60锁单2台，交付1台以上
L90锁单3台
- **Progress:** 0%
- **Score:** 0

#### Key Results:
1. L60高配车型≥1台
L90大定≥10台
    - Progress: 0%
    - Score: 0

---"
xiaolong.yang8,2025 年 7 月,锁单量,3,台,"### 多卖车多赚钱：L60锁单2台，交付1台以上
L90锁单3台
- **Progress:** 0%
- **Score:** 0

#### Key Results:
1. L60高配车型≥1台
L90大定≥10台
    - Progress: 0%
    - Score: 0

---"
xiaolong.yang8,2025 年 7 月,锁单量,2,台,"### 多卖车多赚钱：L60锁单2台，交付1台以上
L90锁单3台
- **Progress:** 0%
- **Score:** 0

#### Key Results:
1. L60高配车型≥1台
L90大定≥10台
    - Progress: 0%
    - Score: 0

---"
xiaolong.yang8,2025 年 7 月,锁单量,3,台,"### 多卖车多赚钱：L60锁单2台，交付1台以上
L90锁单3台
- **Progress:** 0%
- **Score:** 0

#### Key Results:
1. L60高配车型≥1台
L90大定≥10台
    - Progress: 0%
    - Score: 0

---"
xiaolong.yang8,2025 年 7 月,锁单量,2,台,"### 多卖车多赚钱：L60锁单2台，交付1台以上
L90锁单3台
- **Progress:** 0%
- **Score:** 0

#### Key Results:
1. L60高配车型≥1台
L90大定≥10台
    - Progress: 0%
    - Score: 0

---"
xiaolong.yang8,2025 年 7 月,锁单量,3,台,"### 多卖车多赚钱：L60锁单2台，交付1台以上
L90锁单3台
- **Progress:** 0%
- **Score:** 0

#### Key Results:
1. L60高配车型≥1台
L90大定≥10台
    - Progress: 0%
    - Score: 0

---"
xiaoyi.weng2,2025 年 7 月,试驾量,50,组,"### 7月建联目标150，试驾50
- **Progress:** 0%
- **Score:** 0

#### Key Results:
1. 利用好身边资源，和现在已有资源做一个最大化转变
    - Progress: 0%
    - Score: 0
2. 每天尽量做到一到两组用户试驾
    - Progress: 0%
    - Score: 0

---"
xiaoyi.weng2,2025 年 7 月,锁单量,2,台,"### L60锁单2，L90预订金3锁单2
- **Progress:** 0%
- **Score:** 0

#### Key Results:
1. 目前可能90用户偏多，抓住这波小定争取做到超过目标数据，60用户手上的留存是否能做到转化，争取完成目标
    - Progress: 0%
    - Score: 0

---"
xiaoyi.weng2,2025 年 7 月,锁单量,2,台,"### L60锁单2，L90预订金3锁单2
- **Progress:** 0%
- **Score:** 0

#### Key Results:
1. 目前可能90用户偏多，抓住这波小定争取做到超过目标数据，60用户手上的留存是否能做到转化，争取完成目标
    - Progress: 0%
    - Score: 0

---"
xiaoyi.weng2,2025 年 7 月,锁单量,2,台,"### L60锁单2，L90预订金3锁单2
- **Progress:** 0%
- **Score:** 0

#### Key Results:
1. 目前可能90用户偏多，抓住这波小定争取做到超过目标数据，60用户手上的留存是否能做到转化，争取完成目标
    - Progress: 0%
    - Score: 0

---"
xin.li43,2025 年 7 月,锁单量,2,台,"### 7月个人交付目标≥2，L90个人锁单目标≥3台。
- **Progress:** 0%
- **Score:** 0
- **Aligned by:**
    - 目标: 7516649136643489793, Owner: yao.lu3 (open_id: ou_402731f2b64a1e57e7b47eef1ef4c30c)

#### Key Results:
1. 门店WI..."
xin.li43,2025 年 7 月,锁单量,2,台,"### 7月个人交付目标≥2，L90个人锁单目标≥3台。
- **Progress:** 0%
- **Score:** 0
- **Aligned by:**
    - 目标: 7516649136643489793, Owner: yao.lu3 (open_id: ou_402731f2b64a1e57e7b47eef1ef4c30c)

#### Key Results:
1. 门店WI..."
xin.li43,2025 年 7 月,锁单量,1,台,"### 云龙万达，每天WI留资10批，本人本月万达锁单≥1台
- **Progress:** 0%
- **Score:** 0
- **Aligned by:**
    - 目标: 7516649136643489793, Owner: yao.lu3 (open_id: ou_402731f2b64a1e57e7b47eef1ef4c30c)

---"
xin.peng3,2025 年 7 月,试驾量,26,组,"### 1、主动建联量30、建信量60
2、基础过程指标：leads50、试驾26
3、结果指标：交付台数3台、ATV点数2790、个人盈利情况:3万
- **Progress:** 0%
- **Score:** 0
- **Aligned by:**
    - 目标: 7516651638213591041, Owner: spark.zhang (open_id: ou_0071216f5..."
xinhan.zhang2,2025 年 7 月,交付量,1,台,"### （多卖车多赚钱）：月度车辆销售交付1
- **Progress:** 0%
- **Score:** 0
- **Aligned by:**
    - 目标: 7516649263771418625, Owner: long.wu2 (open_id: ou_7d19ec0a06c0997379906afda78c3142)

#### Key Results:
1. 月度试驾≥5
  ..."
xinhan.zhang2,2025 年 7 月,新增建联量,20,人,"### （多建联多建信）：单日建联≥1组/人/天，并持续建信
- **Progress:** 0%
- **Score:** 0
- **Aligned by:**
    - 目标: 7516649263771418625, Owner: long.wu2 (open_id: ou_7d19ec0a06c0997379906afda78c3142)

#### Key Results:
1. 月..."
xinhan.zhang2,2025 年 7 月,新增建联量,1,人,"### （多建联多建信）：单日建联≥1组/人/天，并持续建信
- **Progress:** 0%
- **Score:** 0
- **Aligned by:**
    - 目标: 7516649263771418625, Owner: long.wu2 (open_id: ou_7d19ec0a06c0997379906afda78c3142)

#### Key Results:
1. 月..."
xinhan.zhang2,2025 年 7 月,新增建联量,20,人,"### （多建联多建信）：单日建联≥1组/人/天，并持续建信
- **Progress:** 0%
- **Score:** 0
- **Aligned by:**
    - 目标: 7516649263771418625, Owner: long.wu2 (open_id: ou_7d19ec0a06c0997379906afda78c3142)

#### Key Results:
1. 月..."
xinhan.zhang2,2025 年 7 月,试驾量,5,组,"### （多卖车多赚钱）：月度车辆销售交付1
- **Progress:** 0%
- **Score:** 0
- **Aligned by:**
    - 目标: 7516649263771418625, Owner: long.wu2 (open_id: ou_7d19ec0a06c0997379906afda78c3142)

#### Key Results:
1. 月度试驾≥5
  ..."
xiping.ceng,2025 年 7 月,新增建联量,30,人,"### 两周完成六方位绕车讲解、三周完成试驾考核。
- **Progress:** 0%
- **Score:** 0
- **Aligned by:**
    - 目标: 7516653429546663964, Owner: emile.liang (open_id: ou_1a6ebcac056b74269701f02b0dd050b8)

#### Key Results:
1. 月度新..."
xiping.ceng,2025 年 7 月,新增建联量,20,人,"### 两周完成六方位绕车讲解、三周完成试驾考核。
- **Progress:** 0%
- **Score:** 0
- **Aligned by:**
    - 目标: 7516653429546663964, Owner: emile.liang (open_id: ou_1a6ebcac056b74269701f02b0dd050b8)

#### Key Results:
1. 月度新..."
xiping.ceng,2025 年 7 月,新增建联量,30,人,"### 两周完成六方位绕车讲解、三周完成试驾考核。
- **Progress:** 0%
- **Score:** 0
- **Aligned by:**
    - 目标: 7516653429546663964, Owner: emile.liang (open_id: ou_1a6ebcac056b74269701f02b0dd050b8)

#### Key Results:
1. 月度新..."
xu.han9,2025 年 7 月,交付量,1,台,"### (多卖车多赚钱):月度车辆销售交付≥1辆(挑战目标2辆，上月交付0），财务上达成Q3利润目标，确保增量投入的使用效率。
- **Progress:** 0%
- **Score:** 0

#### Key Results:
1. 月度车辆销售交付≥1辆(挑战目标2辆，上月交付0辆）；
月度锁单目标≥1辆，L60锁单量1，L90锁单量1，试驾到锁单的转化率≥5％
    - Progres..."
xu.han9,2025 年 7 月,交付量,0,台,"### (多卖车多赚钱):月度车辆销售交付≥1辆(挑战目标2辆，上月交付0），财务上达成Q3利润目标，确保增量投入的使用效率。
- **Progress:** 0%
- **Score:** 0

#### Key Results:
1. 月度车辆销售交付≥1辆(挑战目标2辆，上月交付0辆）；
月度锁单目标≥1辆，L60锁单量1，L90锁单量1，试驾到锁单的转化率≥5％
    - Progres..."
xu.han9,2025 年 7 月,交付量,1,台,"### (多卖车多赚钱):月度车辆销售交付≥1辆(挑战目标2辆，上月交付0），财务上达成Q3利润目标，确保增量投入的使用效率。
- **Progress:** 0%
- **Score:** 0

#### Key Results:
1. 月度车辆销售交付≥1辆(挑战目标2辆，上月交付0辆）；
月度锁单目标≥1辆，L60锁单量1，L90锁单量1，试驾到锁单的转化率≥5％
    - Progres..."
xu.han9,2025 年 7 月,交付量,0,台,"### (多卖车多赚钱):月度车辆销售交付≥1辆(挑战目标2辆，上月交付0），财务上达成Q3利润目标，确保增量投入的使用效率。
- **Progress:** 0%
- **Score:** 0

#### Key Results:
1. 月度车辆销售交付≥1辆(挑战目标2辆，上月交付0辆）；
月度锁单目标≥1辆，L60锁单量1，L90锁单量1，试驾到锁单的转化率≥5％
    - Progres..."
xu.han9,2025 年 7 月,交付量,0,台,"### (多卖车多赚钱):月度车辆销售交付≥1辆(挑战目标2辆，上月交付0），财务上达成Q3利润目标，确保增量投入的使用效率。
- **Progress:** 0%
- **Score:** 0

#### Key Results:
1. 月度车辆销售交付≥1辆(挑战目标2辆，上月交付0辆）；
月度锁单目标≥1辆，L60锁单量1，L90锁单量1，试驾到锁单的转化率≥5％
    - Progres..."
xu.han9,2025 年 7 月,新增建联量,3,人,"### 新增建联≥3个/天，并持续建信。
- **Progress:** 0%
- **Score:** 0
- **Aligned by:**
    - 目标: 7516653427688947713, Owner: vic.he1 (open_id: ou_1f8dd56cb4fbeeaa9aaa85f367f8853e)

#### Key Results:
1. 月度新增建联≥80人(其..."
xu.han9,2025 年 7 月,新增建联量,80,人,"### 新增建联≥3个/天，并持续建信。
- **Progress:** 0%
- **Score:** 0
- **Aligned by:**
    - 目标: 7516653427688947713, Owner: vic.he1 (open_id: ou_1f8dd56cb4fbeeaa9aaa85f367f8853e)

#### Key Results:
1. 月度新增建联≥80人(其..."
xu.han9,2025 年 7 月,新增建联量,3,人,"### 新增建联≥3个/天，并持续建信。
- **Progress:** 0%
- **Score:** 0
- **Aligned by:**
    - 目标: 7516653427688947713, Owner: vic.he1 (open_id: ou_1f8dd56cb4fbeeaa9aaa85f367f8853e)

#### Key Results:
1. 月度新增建联≥80人(其..."
xu.han9,2025 年 7 月,新增建联量,80,人,"### 新增建联≥3个/天，并持续建信。
- **Progress:** 0%
- **Score:** 0
- **Aligned by:**
    - 目标: 7516653427688947713, Owner: vic.he1 (open_id: ou_1f8dd56cb4fbeeaa9aaa85f367f8853e)

#### Key Results:
1. 月度新增建联≥80人(其..."
xu.han9,2025 年 7 月,新增建联量,20,人,"### 新增建联≥3个/天，并持续建信。
- **Progress:** 0%
- **Score:** 0
- **Aligned by:**
    - 目标: 7516653427688947713, Owner: vic.he1 (open_id: ou_1f8dd56cb4fbeeaa9aaa85f367f8853e)

#### Key Results:
1. 月度新增建联≥80人(其..."
xu.han9,2025 年 7 月,试驾量,1,组,"### (多卖车多赚钱):月度车辆销售交付≥1辆(挑战目标2辆，上月交付0），财务上达成Q3利润目标，确保增量投入的使用效率。
- **Progress:** 0%
- **Score:** 0

#### Key Results:
1. 月度车辆销售交付≥1辆(挑战目标2辆，上月交付0辆）；
月度锁单目标≥1辆，L60锁单量1，L90锁单量1，试驾到锁单的转化率≥5％
    - Progres..."
xu.han9,2025 年 7 月,试驾量,1,组,"### (多卖车多赚钱):月度车辆销售交付≥1辆(挑战目标2辆，上月交付0），财务上达成Q3利润目标，确保增量投入的使用效率。
- **Progress:** 0%
- **Score:** 0

#### Key Results:
1. 月度车辆销售交付≥1辆(挑战目标2辆，上月交付0辆）；
月度锁单目标≥1辆，L60锁单量1，L90锁单量1，试驾到锁单的转化率≥5％
    - Progres..."
xu.han9,2025 年 7 月,锁单量,1,台,"### (多卖车多赚钱):月度车辆销售交付≥1辆(挑战目标2辆，上月交付0），财务上达成Q3利润目标，确保增量投入的使用效率。
- **Progress:** 0%
- **Score:** 0

#### Key Results:
1. 月度车辆销售交付≥1辆(挑战目标2辆，上月交付0辆）；
月度锁单目标≥1辆，L60锁单量1，L90锁单量1，试驾到锁单的转化率≥5％
    - Progres..."
xu.han9,2025 年 7 月,锁单量,1,台,"### (多卖车多赚钱):月度车辆销售交付≥1辆(挑战目标2辆，上月交付0），财务上达成Q3利润目标，确保增量投入的使用效率。
- **Progress:** 0%
- **Score:** 0

#### Key Results:
1. 月度车辆销售交付≥1辆(挑战目标2辆，上月交付0辆）；
月度锁单目标≥1辆，L60锁单量1，L90锁单量1，试驾到锁单的转化率≥5％
    - Progres..."
xucan.ye,2025 年 7 月,新增建联量,50,人,"### 建联50个用户、试驾15、建信每日20+
- **Progress:** 0%
- **Score:** 0

#### Key Results:
1. 学习建信建联方法，及时完成领导给的任务
    - Progress: 0%
    - Score: 0
2. 明确执行自己每天的数据
1.电话量50+
2.试驾2+
3.高质量用户沟通
    - Progress: 0%
    -..."
xucan.ye,2025 年 7 月,新增建联量,50,人,"### 建联50个用户、试驾15、建信每日20+
- **Progress:** 0%
- **Score:** 0

#### Key Results:
1. 学习建信建联方法，及时完成领导给的任务
    - Progress: 0%
    - Score: 0
2. 明确执行自己每天的数据
1.电话量50+
2.试驾2+
3.高质量用户沟通
    - Progress: 0%
    -..."
xucan.ye,2025 年 7 月,试驾量,15,组,"### 建联50个用户、试驾15、建信每日20+
- **Progress:** 0%
- **Score:** 0

#### Key Results:
1. 学习建信建联方法，及时完成领导给的任务
    - Progress: 0%
    - Score: 0
2. 明确执行自己每天的数据
1.电话量50+
2.试驾2+
3.高质量用户沟通
    - Progress: 0%
    -..."
xucan.ye,2025 年 7 月,试驾量,2,组,"### 建联50个用户、试驾15、建信每日20+
- **Progress:** 0%
- **Score:** 0

#### Key Results:
1. 学习建信建联方法，及时完成领导给的任务
    - Progress: 0%
    - Score: 0
2. 明确执行自己每天的数据
1.电话量50+
2.试驾2+
3.高质量用户沟通
    - Progress: 0%
    -..."
xucan.ye,2025 年 7 月,锁单量,3,台,"### 完成月度3台交付目标，L90意向金16个，锁单3台的目标，经营利润提升超上月
- **Progress:** 0%
- **Score:** 0

#### Key Results:
1. 月初梳理存量PPL用户并进行邀约，加快L60锁单进度，配合区域政策加快锁定
    - Progress: 0%
    - Score: 0
2. 根据区域L90意向用户创建微信群，及时传达L90进店..."
xucan.ye,2025 年 7 月,锁单量,3,台,"### 完成月度3台交付目标，L90意向金16个，锁单3台的目标，经营利润提升超上月
- **Progress:** 0%
- **Score:** 0

#### Key Results:
1. 月初梳理存量PPL用户并进行邀约，加快L60锁单进度，配合区域政策加快锁定
    - Progress: 0%
    - Score: 0
2. 根据区域L90意向用户创建微信群，及时传达L90进店..."
xumin.han,2025 年 7 月,交付量,2,台,"### L60交付2台，L90锁单2台
- **Progress:** 0%
- **Score:** 0
- **Aligned by:**
    - 目标: 7516570272550060035, Owner: leo.li35 (open_id: ou_a5d80436d8a253e8e0140c46758dedb7)
    - 目标: 7516570272550060035, Own..."
xumin.han,2025 年 7 月,交付量,2,台,"### L60交付2台，L90锁单2台
- **Progress:** 0%
- **Score:** 0
- **Aligned by:**
    - 目标: 7516570272550060035, Owner: leo.li35 (open_id: ou_a5d80436d8a253e8e0140c46758dedb7)
    - 目标: 7516570272550060035, Own..."
xumin.han,2025 年 7 月,交付量,2,台,"### L60交付2台，L90锁单2台
- **Progress:** 0%
- **Score:** 0
- **Aligned by:**
    - 目标: 7516570272550060035, Owner: leo.li35 (open_id: ou_a5d80436d8a253e8e0140c46758dedb7)
    - 目标: 7516570272550060035, Own..."
xumin.han,2025 年 7 月,新增建联量,200,人,"### 7月新增建联200人，持续建信
- **Progress:** 0%
- **Score:** 0
- **Aligned by:**
    - 目标: 7516570272550060035, Owner: leo.li35 (open_id: ou_a5d80436d8a253e8e0140c46758dedb7)

#### Key Results:
1. 主动建联50人，门店路演..."
xumin.han,2025 年 7 月,新增建联量,200,人,"### 7月新增建联200人，持续建信
- **Progress:** 0%
- **Score:** 0
- **Aligned by:**
    - 目标: 7516570272550060035, Owner: leo.li35 (open_id: ou_a5d80436d8a253e8e0140c46758dedb7)

#### Key Results:
1. 主动建联50人，门店路演..."
xumin.han,2025 年 7 月,新增建联量,50,人,"### 7月新增建联200人，持续建信
- **Progress:** 0%
- **Score:** 0
- **Aligned by:**
    - 目标: 7516570272550060035, Owner: leo.li35 (open_id: ou_a5d80436d8a253e8e0140c46758dedb7)

#### Key Results:
1. 主动建联50人，门店路演..."
xumin.han,2025 年 7 月,新增建联量,200,人,"### 7月新增建联200人，持续建信
- **Progress:** 0%
- **Score:** 0
- **Aligned by:**
    - 目标: 7516570272550060035, Owner: leo.li35 (open_id: ou_a5d80436d8a253e8e0140c46758dedb7)

#### Key Results:
1. 主动建联50人，门店路演..."
xumin.han,2025 年 7 月,新增建联量,200,人,"### 7月新增建联200人，持续建信
- **Progress:** 0%
- **Score:** 0
- **Aligned by:**
    - 目标: 7516570272550060035, Owner: leo.li35 (open_id: ou_a5d80436d8a253e8e0140c46758dedb7)

#### Key Results:
1. 主动建联50人，门店路演..."
xumin.han,2025 年 7 月,新增建联量,50,人,"### 7月新增建联200人，持续建信
- **Progress:** 0%
- **Score:** 0
- **Aligned by:**
    - 目标: 7516570272550060035, Owner: leo.li35 (open_id: ou_a5d80436d8a253e8e0140c46758dedb7)

#### Key Results:
1. 主动建联50人，门店路演..."
xumin.han,2025 年 7 月,试驾量,80,组,"### L60交付2台，L90锁单2台
- **Progress:** 0%
- **Score:** 0
- **Aligned by:**
    - 目标: 7516570272550060035, Owner: leo.li35 (open_id: ou_a5d80436d8a253e8e0140c46758dedb7)
    - 目标: 7516570272550060035, Own..."
xumin.han,2025 年 7 月,试驾量,80,组,"### L60交付2台，L90锁单2台
- **Progress:** 0%
- **Score:** 0
- **Aligned by:**
    - 目标: 7516570272550060035, Owner: leo.li35 (open_id: ou_a5d80436d8a253e8e0140c46758dedb7)
    - 目标: 7516570272550060035, Own..."
xumin.han,2025 年 7 月,锁单量,2,台,"### L60交付2台，L90锁单2台
- **Progress:** 0%
- **Score:** 0
- **Aligned by:**
    - 目标: 7516570272550060035, Owner: leo.li35 (open_id: ou_a5d80436d8a253e8e0140c46758dedb7)
    - 目标: 7516570272550060035, Own..."
xumin.han,2025 年 7 月,锁单量,3,台,"### L60交付2台，L90锁单2台
- **Progress:** 0%
- **Score:** 0
- **Aligned by:**
    - 目标: 7516570272550060035, Owner: leo.li35 (open_id: ou_a5d80436d8a253e8e0140c46758dedb7)
    - 目标: 7516570272550060035, Own..."
xumin.han,2025 年 7 月,锁单量,2,台,"### L60交付2台，L90锁单2台
- **Progress:** 0%
- **Score:** 0
- **Aligned by:**
    - 目标: 7516570272550060035, Owner: leo.li35 (open_id: ou_a5d80436d8a253e8e0140c46758dedb7)
    - 目标: 7516570272550060035, Own..."
xumin.han,2025 年 7 月,锁单量,2,台,"### L60交付2台，L90锁单2台
- **Progress:** 0%
- **Score:** 0
- **Aligned by:**
    - 目标: 7516570272550060035, Owner: leo.li35 (open_id: ou_a5d80436d8a253e8e0140c46758dedb7)
    - 目标: 7516570272550060035, Own..."
xumin.han,2025 年 7 月,锁单量,3,台,"### L60交付2台，L90锁单2台
- **Progress:** 0%
- **Score:** 0
- **Aligned by:**
    - 目标: 7516570272550060035, Owner: leo.li35 (open_id: ou_a5d80436d8a253e8e0140c46758dedb7)
    - 目标: 7516570272550060035, Own..."
xumin.han,2025 年 7 月,锁单量,2,台,"### L60交付2台，L90锁单2台
- **Progress:** 0%
- **Score:** 0
- **Aligned by:**
    - 目标: 7516570272550060035, Owner: leo.li35 (open_id: ou_a5d80436d8a253e8e0140c46758dedb7)
    - 目标: 7516570272550060035, Own..."
xumin.han,2025 年 7 月,锁单量,3,台,"### L60交付2台，L90锁单2台
- **Progress:** 0%
- **Score:** 0
- **Aligned by:**
    - 目标: 7516570272550060035, Owner: leo.li35 (open_id: ou_a5d80436d8a253e8e0140c46758dedb7)
    - 目标: 7516570272550060035, Own..."
xumin.han,2025 年 7 月,锁单量,2,台,"### L60交付2台，L90锁单2台
- **Progress:** 0%
- **Score:** 0
- **Aligned by:**
    - 目标: 7516570272550060035, Owner: leo.li35 (open_id: ou_a5d80436d8a253e8e0140c46758dedb7)
    - 目标: 7516570272550060035, Own..."
xumin.han,2025 年 7 月,锁单量,2,台,"### L60交付2台，L90锁单2台
- **Progress:** 0%
- **Score:** 0
- **Aligned by:**
    - 目标: 7516570272550060035, Owner: leo.li35 (open_id: ou_a5d80436d8a253e8e0140c46758dedb7)
    - 目标: 7516570272550060035, Own..."
xushen.huang,2025 年 7 月,交付量,2,台,"### V1：门店交付2台达成盈亏平衡
- **Progress:** 0%
- **Score:** 0
- **Aligned by:**
    - 目标: 7516653427935543324, Owner: mingjun.zhong2 (open_id: ou_3f0897e30e09d4b7162d65b4277c44fc)

#### Key Results:
1. A1：建联2..."
xushen.huang,2025 年 7 月,交付量,2,台,"### V1：门店交付2台达成盈亏平衡
- **Progress:** 0%
- **Score:** 0
- **Aligned by:**
    - 目标: 7516653427935543324, Owner: mingjun.zhong2 (open_id: ou_3f0897e30e09d4b7162d65b4277c44fc)

#### Key Results:
1. A1：建联2..."
xushen.huang,2025 年 7 月,新增建联量,100,人,"### V1：门店交付2台达成盈亏平衡
- **Progress:** 0%
- **Score:** 0
- **Aligned by:**
    - 目标: 7516653427935543324, Owner: mingjun.zhong2 (open_id: ou_3f0897e30e09d4b7162d65b4277c44fc)

#### Key Results:
1. A1：建联2..."
xushen.huang,2025 年 7 月,新增建联量,220,人,"### V1：门店交付2台达成盈亏平衡
- **Progress:** 0%
- **Score:** 0
- **Aligned by:**
    - 目标: 7516653427935543324, Owner: mingjun.zhong2 (open_id: ou_3f0897e30e09d4b7162d65b4277c44fc)

#### Key Results:
1. A1：建联2..."
xushen.huang,2025 年 7 月,新增建联量,100,人,"### V1：门店交付2台达成盈亏平衡
- **Progress:** 0%
- **Score:** 0
- **Aligned by:**
    - 目标: 7516653427935543324, Owner: mingjun.zhong2 (open_id: ou_3f0897e30e09d4b7162d65b4277c44fc)

#### Key Results:
1. A1：建联2..."
xushen.huang,2025 年 7 月,新增建联量,30,人,"### V1：门店交付2台达成盈亏平衡
- **Progress:** 0%
- **Score:** 0
- **Aligned by:**
    - 目标: 7516653427935543324, Owner: mingjun.zhong2 (open_id: ou_3f0897e30e09d4b7162d65b4277c44fc)

#### Key Results:
1. A1：建联2..."
xushen.huang,2025 年 7 月,新增建联量,100,人,"### V1：门店交付2台达成盈亏平衡
- **Progress:** 0%
- **Score:** 0
- **Aligned by:**
    - 目标: 7516653427935543324, Owner: mingjun.zhong2 (open_id: ou_3f0897e30e09d4b7162d65b4277c44fc)

#### Key Results:
1. A1：建联2..."
xushen.huang,2025 年 7 月,新增建联量,220,人,"### V1：门店交付2台达成盈亏平衡
- **Progress:** 0%
- **Score:** 0
- **Aligned by:**
    - 目标: 7516653427935543324, Owner: mingjun.zhong2 (open_id: ou_3f0897e30e09d4b7162d65b4277c44fc)

#### Key Results:
1. A1：建联2..."
xushen.huang,2025 年 7 月,新增建联量,100,人,"### V1：门店交付2台达成盈亏平衡
- **Progress:** 0%
- **Score:** 0
- **Aligned by:**
    - 目标: 7516653427935543324, Owner: mingjun.zhong2 (open_id: ou_3f0897e30e09d4b7162d65b4277c44fc)

#### Key Results:
1. A1：建联2..."
xushen.huang,2025 年 7 月,新增建联量,30,人,"### V1：门店交付2台达成盈亏平衡
- **Progress:** 0%
- **Score:** 0
- **Aligned by:**
    - 目标: 7516653427935543324, Owner: mingjun.zhong2 (open_id: ou_3f0897e30e09d4b7162d65b4277c44fc)

#### Key Results:
1. A1：建联2..."
xushen.huang,2025 年 7 月,锁单量,2,台,"### V1：门店交付2台达成盈亏平衡
- **Progress:** 0%
- **Score:** 0
- **Aligned by:**
    - 目标: 7516653427935543324, Owner: mingjun.zhong2 (open_id: ou_3f0897e30e09d4b7162d65b4277c44fc)

#### Key Results:
1. A1：建联2..."
yan.luo4,2025 年 7 月,新增建联量,5,人,"### 人均新增建联>5
- **Progress:** 0%
- **Score:** 0
- **Aligned by:**
    - 目标: 7516653428515061788, Owner: jiaxin.li11 (open_id: ou_b8c0e3224c802457bc46cd32b4422b31)
    - 目标: 7516653428515061788, Owner: ..."
yan.luo4,2025 年 7 月,新增建联量,5,人,"### 人均新增建联>5
- **Progress:** 0%
- **Score:** 0
- **Aligned by:**
    - 目标: 7516653428515061788, Owner: jiaxin.li11 (open_id: ou_b8c0e3224c802457bc46cd32b4422b31)
    - 目标: 7516653428515061788, Owner: ..."
yanan.tao,2025 年 7 月,新增建联量,700,人,"### 多建联多建信:
当月新增建联≥700人,总建联人数≥800
- **Progress:** 0%
- **Score:** 0

#### Key Results:
1. 月度新增建联>700人(其中主动建联≥550人,门店路演建联≥50人,主动外拓异业合作等建联>100人)
    - Progress: 0%
    - Score: 0
2. 建联用户的月度建信100%覆盖,所有建联..."
yanan.tao,2025 年 7 月,新增建联量,700,人,"### 多建联多建信:
当月新增建联≥700人,总建联人数≥800
- **Progress:** 0%
- **Score:** 0

#### Key Results:
1. 月度新增建联>700人(其中主动建联≥550人,门店路演建联≥50人,主动外拓异业合作等建联>100人)
    - Progress: 0%
    - Score: 0
2. 建联用户的月度建信100%覆盖,所有建联..."
yanan.tao,2025 年 7 月,新增建联量,700,人,"### 多建联多建信:
当月新增建联≥700人,总建联人数≥800
- **Progress:** 0%
- **Score:** 0

#### Key Results:
1. 月度新增建联>700人(其中主动建联≥550人,门店路演建联≥50人,主动外拓异业合作等建联>100人)
    - Progress: 0%
    - Score: 0
2. 建联用户的月度建信100%覆盖,所有建联..."
yanan.tao,2025 年 7 月,新增建联量,700,人,"### 多建联多建信:
当月新增建联≥700人,总建联人数≥800
- **Progress:** 0%
- **Score:** 0

#### Key Results:
1. 月度新增建联>700人(其中主动建联≥550人,门店路演建联≥50人,主动外拓异业合作等建联>100人)
    - Progress: 0%
    - Score: 0
2. 建联用户的月度建信100%覆盖,所有建联..."
yanan.tao,2025 年 7 月,新增建联量,550,人,"### 多建联多建信:
当月新增建联≥700人,总建联人数≥800
- **Progress:** 0%
- **Score:** 0

#### Key Results:
1. 月度新增建联>700人(其中主动建联≥550人,门店路演建联≥50人,主动外拓异业合作等建联>100人)
    - Progress: 0%
    - Score: 0
2. 建联用户的月度建信100%覆盖,所有建联..."
yanan.tao,2025 年 7 月,新增建联量,50,人,"### 多建联多建信:
当月新增建联≥700人,总建联人数≥800
- **Progress:** 0%
- **Score:** 0

#### Key Results:
1. 月度新增建联>700人(其中主动建联≥550人,门店路演建联≥50人,主动外拓异业合作等建联>100人)
    - Progress: 0%
    - Score: 0
2. 建联用户的月度建信100%覆盖,所有建联..."
yanan.tao,2025 年 7 月,新增建联量,100,人,"### 多建联多建信:
当月新增建联≥700人,总建联人数≥800
- **Progress:** 0%
- **Score:** 0

#### Key Results:
1. 月度新增建联>700人(其中主动建联≥550人,门店路演建联≥50人,主动外拓异业合作等建联>100人)
    - Progress: 0%
    - Score: 0
2. 建联用户的月度建信100%覆盖,所有建联..."
yanan.tao,2025 年 7 月,试驾量,40,组,"### 多卖车多赚钱:
完成月度车辆销售交付≥T2辆(挑战目标T3辆)
- **Progress:** 0%
- **Score:** 0

#### Key Results:
1. A1:完成试驾≥40个。月度新增购车需求≥8个
个人合计购车需求池≥15个,机会到试驾的转化率≥50%。
    - Progress: 0%
    - Score: 0
2. A2:月度锁单目标≥2辆
试驾到锁单..."
yanxin.li2,2025 年 7 月,交付量,4,台,"### 多卖车多赚钱  月度车辆销售交付4
- **Progress:** 0%
- **Score:** 0

#### Key Results:
1. 月度试驾总量80
    - Progress: 0%
    - Score: 0
2. 月度车辆销售交付4
    - Progress: 0%
    - Score: 0
3. 月度锁单4台
    - Progress: 0%
   ..."
yanxin.li2,2025 年 7 月,交付量,4,台,"### 多卖车多赚钱  月度车辆销售交付4
- **Progress:** 0%
- **Score:** 0

#### Key Results:
1. 月度试驾总量80
    - Progress: 0%
    - Score: 0
2. 月度车辆销售交付4
    - Progress: 0%
    - Score: 0
3. 月度锁单4台
    - Progress: 0%
   ..."
yanxin.li2,2025 年 7 月,新增建联量,200,人,"### V1	多建联多建信:一天建联5人/天并持续建信
- **Progress:** 0%
- **Score:** 0

#### Key Results:
1. 月度总新增建联200人
    - Progress: 0%
    - Score: 0
2. 建信池用户50%触达，触达次数3次服务池用户100%触达，触达次数5
    - Progress: 0%
    - Score: ..."
yanxin.li2,2025 年 7 月,新增建联量,5,人,"### V1	多建联多建信:一天建联5人/天并持续建信
- **Progress:** 0%
- **Score:** 0

#### Key Results:
1. 月度总新增建联200人
    - Progress: 0%
    - Score: 0
2. 建信池用户50%触达，触达次数3次服务池用户100%触达，触达次数5
    - Progress: 0%
    - Score: ..."
yanxin.li2,2025 年 7 月,新增建联量,200,人,"### V1	多建联多建信:一天建联5人/天并持续建信
- **Progress:** 0%
- **Score:** 0

#### Key Results:
1. 月度总新增建联200人
    - Progress: 0%
    - Score: 0
2. 建信池用户50%触达，触达次数3次服务池用户100%触达，触达次数5
    - Progress: 0%
    - Score: ..."
yanxin.li2,2025 年 7 月,新增建联量,200,人,"### V1	多建联多建信:一天建联5人/天并持续建信
- **Progress:** 0%
- **Score:** 0

#### Key Results:
1. 月度总新增建联200人
    - Progress: 0%
    - Score: 0
2. 建信池用户50%触达，触达次数3次服务池用户100%触达，触达次数5
    - Progress: 0%
    - Score: ..."
yanxin.li2,2025 年 7 月,新增建联量,5,人,"### V1	多建联多建信:一天建联5人/天并持续建信
- **Progress:** 0%
- **Score:** 0

#### Key Results:
1. 月度总新增建联200人
    - Progress: 0%
    - Score: 0
2. 建信池用户50%触达，触达次数3次服务池用户100%触达，触达次数5
    - Progress: 0%
    - Score: ..."
yanxin.li2,2025 年 7 月,新增建联量,200,人,"### V1	多建联多建信:一天建联5人/天并持续建信
- **Progress:** 0%
- **Score:** 0

#### Key Results:
1. 月度总新增建联200人
    - Progress: 0%
    - Score: 0
2. 建信池用户50%触达，触达次数3次服务池用户100%触达，触达次数5
    - Progress: 0%
    - Score: ..."
yanxin.li2,2025 年 7 月,锁单量,4,台,"### 多卖车多赚钱  月度车辆销售交付4
- **Progress:** 0%
- **Score:** 0

#### Key Results:
1. 月度试驾总量80
    - Progress: 0%
    - Score: 0
2. 月度车辆销售交付4
    - Progress: 0%
    - Score: 0
3. 月度锁单4台
    - Progress: 0%
   ..."
yanxin.li2,2025 年 7 月,锁单量,4,台,"### 多卖车多赚钱  月度车辆销售交付4
- **Progress:** 0%
- **Score:** 0

#### Key Results:
1. 月度试驾总量80
    - Progress: 0%
    - Score: 0
2. 月度车辆销售交付4
    - Progress: 0%
    - Score: 0
3. 月度锁单4台
    - Progress: 0%
   ..."
yaoguo.chen,2025 年 7 月,交付量,1,台,"### (多卖车多赚钱):完成L60月度锁单及交付1.7台(挑战目标4台)
A1) 月度L60锁单及交付目标1.7台
A2）月度试驾量>40组
A3）月度总跟进数>1080组 日跟进量>40组
- **Progress:** 0%
- **Score:** 0
- **Aligned by:**
    - 目标: 7516653429093908482, Owner: zhengrui.liu ..."
yaoguo.chen,2025 年 7 月,新增建联量,97,人,"### (多建联多建信):月度个人新增建联>97组
A1)月度个人新增建联>97组
A2)开口获取新增建联目标，每日线索3-5个/人(周中3，周末5)，企业微信添加率80%
A3 在社媒(含朋友圈、小红书、抖音)精心设计、原创内容8篇
- **Progress:** 0%
- **Score:** 0
- **Aligned by:**
    - 目标: 7516653429093908482,..."
yaoguo.chen,2025 年 7 月,新增建联量,97,人,"### (多建联多建信):月度个人新增建联>97组
A1)月度个人新增建联>97组
A2)开口获取新增建联目标，每日线索3-5个/人(周中3，周末5)，企业微信添加率80%
A3 在社媒(含朋友圈、小红书、抖音)精心设计、原创内容8篇
- **Progress:** 0%
- **Score:** 0
- **Aligned by:**
    - 目标: 7516653429093908482,..."
yaoguo.chen,2025 年 7 月,新增建联量,97,人,"### (多建联多建信):月度个人新增建联>97组
A1)月度个人新增建联>97组
A2)开口获取新增建联目标，每日线索3-5个/人(周中3，周末5)，企业微信添加率80%
A3 在社媒(含朋友圈、小红书、抖音)精心设计、原创内容8篇
- **Progress:** 0%
- **Score:** 0
- **Aligned by:**
    - 目标: 7516653429093908482,..."
yaoguo.chen,2025 年 7 月,新增建联量,97,人,"### (多建联多建信):月度个人新增建联>97组
A1)月度个人新增建联>97组
A2)开口获取新增建联目标，每日线索3-5个/人(周中3，周末5)，企业微信添加率80%
A3 在社媒(含朋友圈、小红书、抖音)精心设计、原创内容8篇
- **Progress:** 0%
- **Score:** 0
- **Aligned by:**
    - 目标: 7516653429093908482,..."
yaoguo.chen,2025 年 7 月,试驾量,40,组,"### (多卖车多赚钱):完成L60月度锁单及交付1.7台(挑战目标4台)
A1) 月度L60锁单及交付目标1.7台
A2）月度试驾量>40组
A3）月度总跟进数>1080组 日跟进量>40组
- **Progress:** 0%
- **Score:** 0
- **Aligned by:**
    - 目标: 7516653429093908482, Owner: zhengrui.liu ..."
yeqi.ma2,2025 年 7 月,新增建联量,180,人,"### 主动建联180个
- **Progress:** 0%
- **Score:** 0

#### Key Results:
1. 每天主动建联6个
    - Progress: 0%
    - Score: 0
2. 每天通话30秒30个
    - Progress: 0%
    - Score: 0

---"
yeqi.ma2,2025 年 7 月,新增建联量,6,人,"### 主动建联180个
- **Progress:** 0%
- **Score:** 0

#### Key Results:
1. 每天主动建联6个
    - Progress: 0%
    - Score: 0
2. 每天通话30秒30个
    - Progress: 0%
    - Score: 0

---"
yeqi.ma2,2025 年 7 月,新增建联量,180,人,"### 主动建联180个
- **Progress:** 0%
- **Score:** 0

#### Key Results:
1. 每天主动建联6个
    - Progress: 0%
    - Score: 0
2. 每天通话30秒30个
    - Progress: 0%
    - Score: 0

---"
yeqi.ma2,2025 年 7 月,新增建联量,6,人,"### 主动建联180个
- **Progress:** 0%
- **Score:** 0

#### Key Results:
1. 每天主动建联6个
    - Progress: 0%
    - Score: 0
2. 每天通话30秒30个
    - Progress: 0%
    - Score: 0

---"
yeqi.ma2,2025 年 7 月,试驾量,60,组,"### 试驾60组
- **Progress:** 0%
- **Score:** 0

#### Key Results:
1. 每天试驾2组
    - Progress: 0%
    - Score: 0
2. 可以组织试驾会 老车主涟漪
    - Progress: 0%
    - Score: 0

---"
yeqi.ma2,2025 年 7 月,试驾量,2,组,"### 试驾60组
- **Progress:** 0%
- **Score:** 0

#### Key Results:
1. 每天试驾2组
    - Progress: 0%
    - Score: 0
2. 可以组织试驾会 老车主涟漪
    - Progress: 0%
    - Score: 0

---"
yeqi.ma2,2025 年 7 月,试驾量,60,组,"### 试驾60组
- **Progress:** 0%
- **Score:** 0

#### Key Results:
1. 每天试驾2组
    - Progress: 0%
    - Score: 0
2. 可以组织试驾会 老车主涟漪
    - Progress: 0%
    - Score: 0

---"
yeqi.ma2,2025 年 7 月,试驾量,2,组,"### 试驾60组
- **Progress:** 0%
- **Score:** 0

#### Key Results:
1. 每天试驾2组
    - Progress: 0%
    - Score: 0
2. 可以组织试驾会 老车主涟漪
    - Progress: 0%
    - Score: 0

---"
yi.guo5,2025 年 7 月,试驾量,60,组,"### 完成月度交付目标3台；月度冲刺目标4台，实现Q3设定7月份EBIT目标。
- **Progress:** 0%
- **Score:** 0
- **Aligned by:**
    - 目标: 7516651640880955393, Owner: philip.zhou (open_id: ou_3515987a7f8d563072188fcec18d2249)
    - 目标: ..."
yi.guo5,2025 年 7 月,试驾量,60,组,"### 完成月度交付目标3台；月度冲刺目标4台，实现Q3设定7月份EBIT目标。
- **Progress:** 0%
- **Score:** 0
- **Aligned by:**
    - 目标: 7516651640880955393, Owner: philip.zhou (open_id: ou_3515987a7f8d563072188fcec18d2249)
    - 目标: ..."
yi.guo5,2025 年 7 月,锁单量,3,台,"### 完成月度交付目标3台；月度冲刺目标4台，实现Q3设定7月份EBIT目标。
- **Progress:** 0%
- **Score:** 0
- **Aligned by:**
    - 目标: 7516651640880955393, Owner: philip.zhou (open_id: ou_3515987a7f8d563072188fcec18d2249)
    - 目标: ..."
yi.guo5,2025 年 7 月,锁单量,1,台,"### 完成月度交付目标3台；月度冲刺目标4台，实现Q3设定7月份EBIT目标。
- **Progress:** 0%
- **Score:** 0
- **Aligned by:**
    - 目标: 7516651640880955393, Owner: philip.zhou (open_id: ou_3515987a7f8d563072188fcec18d2249)
    - 目标: ..."
yi.guo5,2025 年 7 月,锁单量,3,台,"### 完成月度交付目标3台；月度冲刺目标4台，实现Q3设定7月份EBIT目标。
- **Progress:** 0%
- **Score:** 0
- **Aligned by:**
    - 目标: 7516651640880955393, Owner: philip.zhou (open_id: ou_3515987a7f8d563072188fcec18d2249)
    - 目标: ..."
yi.guo5,2025 年 7 月,锁单量,1,台,"### 完成月度交付目标3台；月度冲刺目标4台，实现Q3设定7月份EBIT目标。
- **Progress:** 0%
- **Score:** 0
- **Aligned by:**
    - 目标: 7516651640880955393, Owner: philip.zhou (open_id: ou_3515987a7f8d563072188fcec18d2249)
    - 目标: ..."
yi.guo5,2025 年 7 月,锁单量,3,台,"### 完成月度交付目标3台；月度冲刺目标4台，实现Q3设定7月份EBIT目标。
- **Progress:** 0%
- **Score:** 0
- **Aligned by:**
    - 目标: 7516651640880955393, Owner: philip.zhou (open_id: ou_3515987a7f8d563072188fcec18d2249)
    - 目标: ..."
yi.guo5,2025 年 7 月,锁单量,1,台,"### 完成月度交付目标3台；月度冲刺目标4台，实现Q3设定7月份EBIT目标。
- **Progress:** 0%
- **Score:** 0
- **Aligned by:**
    - 目标: 7516651640880955393, Owner: philip.zhou (open_id: ou_3515987a7f8d563072188fcec18d2249)
    - 目标: ..."
yi.tian,2025 年 7 月,交付量,4,台,"### V1（多卖车多赚钱）：完成月度车辆销售交付≥4辆（挑战4目标3辆），总利润贡献≥1万元（或者：总亏损≤0万元）。L90锁单大于等于8台
A1:机会到试驾的转化率≥60%（上月为50%)。
A2：月度锁单目标3辆，上月完成2辆，试驾到锁单的转化率≥5%。
A3：高配车型销售占比＞50%（现为30%)，官方汽车金融占比100%（现为45%)
- **Progress:** 0%
- **Sco..."
yi.tian,2025 年 7 月,新增建联量,100,人,"### 2（多建联多建信）：当月新增建联≥100人，总建联人数≥100人，并持续建信。
A1：月度新增建联＞2人每天（其中主动建联≥2人每天，外拓2人每天，
A2：建联用户的月度建信100％覆盖，所有建联用户月均建信次数≥3次
A3：主动面对面拜访30个已建联无明确购车需求用户（包括合作伙伴、蔚来或乐道的老用户，等），新增10个老用户涟漪的L60种草试驾。
A4：每月组织开展2次异业合作或外拓获客..."
yi.tian,2025 年 7 月,新增建联量,100,人,"### 2（多建联多建信）：当月新增建联≥100人，总建联人数≥100人，并持续建信。
A1：月度新增建联＞2人每天（其中主动建联≥2人每天，外拓2人每天，
A2：建联用户的月度建信100％覆盖，所有建联用户月均建信次数≥3次
A3：主动面对面拜访30个已建联无明确购车需求用户（包括合作伙伴、蔚来或乐道的老用户，等），新增10个老用户涟漪的L60种草试驾。
A4：每月组织开展2次异业合作或外拓获客..."
yi.tian,2025 年 7 月,新增建联量,2,人,"### 2（多建联多建信）：当月新增建联≥100人，总建联人数≥100人，并持续建信。
A1：月度新增建联＞2人每天（其中主动建联≥2人每天，外拓2人每天，
A2：建联用户的月度建信100％覆盖，所有建联用户月均建信次数≥3次
A3：主动面对面拜访30个已建联无明确购车需求用户（包括合作伙伴、蔚来或乐道的老用户，等），新增10个老用户涟漪的L60种草试驾。
A4：每月组织开展2次异业合作或外拓获客..."
yilin.chen5,2025 年 7 月,交付量,2,台,"### 多卖车多赚钱:完成月度车辆销售交付≥2辆(挑战目标5辆)，总亏损≤1万元
- **Progress:** 0%
- **Score:** 0

#### Key Results:
1. 完成试驾≥20个(上月为0)。月度新增机会>50个(上月为0),合计个人机会池≥50个(上月为100),机会到试驾的转化率≥15%(上月为0%)
    - Progress: 0%
    - Score..."
yilin.chen5,2025 年 7 月,新增建联量,50,人,"### 多建联多建信:当月新增建联≥50人,总建联人数≥60人,并持续建信
- **Progress:** 0%
- **Score:** 0

#### Key Results:
1. 月度新增建联>60人(其中主动建联≥20人,门店路演建联≥30人，市场活动≥10人)
    - Progress: 0%
    - Score: 0
2. 建联用户的月度建信100%覆盖,所有建联用户月均建信..."
yilin.chen5,2025 年 7 月,新增建联量,60,人,"### 多建联多建信:当月新增建联≥50人,总建联人数≥60人,并持续建信
- **Progress:** 0%
- **Score:** 0

#### Key Results:
1. 月度新增建联>60人(其中主动建联≥20人,门店路演建联≥30人，市场活动≥10人)
    - Progress: 0%
    - Score: 0
2. 建联用户的月度建信100%覆盖,所有建联用户月均建信..."
yilin.chen5,2025 年 7 月,新增建联量,50,人,"### 多建联多建信:当月新增建联≥50人,总建联人数≥60人,并持续建信
- **Progress:** 0%
- **Score:** 0

#### Key Results:
1. 月度新增建联>60人(其中主动建联≥20人,门店路演建联≥30人，市场活动≥10人)
    - Progress: 0%
    - Score: 0
2. 建联用户的月度建信100%覆盖,所有建联用户月均建信..."
yilin.chen5,2025 年 7 月,新增建联量,60,人,"### 多建联多建信:当月新增建联≥50人,总建联人数≥60人,并持续建信
- **Progress:** 0%
- **Score:** 0

#### Key Results:
1. 月度新增建联>60人(其中主动建联≥20人,门店路演建联≥30人，市场活动≥10人)
    - Progress: 0%
    - Score: 0
2. 建联用户的月度建信100%覆盖,所有建联用户月均建信..."
yilin.chen5,2025 年 7 月,新增建联量,20,人,"### 多建联多建信:当月新增建联≥50人,总建联人数≥60人,并持续建信
- **Progress:** 0%
- **Score:** 0

#### Key Results:
1. 月度新增建联>60人(其中主动建联≥20人,门店路演建联≥30人，市场活动≥10人)
    - Progress: 0%
    - Score: 0
2. 建联用户的月度建信100%覆盖,所有建联用户月均建信..."
yilin.chen5,2025 年 7 月,新增建联量,30,人,"### 多建联多建信:当月新增建联≥50人,总建联人数≥60人,并持续建信
- **Progress:** 0%
- **Score:** 0

#### Key Results:
1. 月度新增建联>60人(其中主动建联≥20人,门店路演建联≥30人，市场活动≥10人)
    - Progress: 0%
    - Score: 0
2. 建联用户的月度建信100%覆盖,所有建联用户月均建信..."
yilin.chen5,2025 年 7 月,试驾量,20,组,"### 多卖车多赚钱:完成月度车辆销售交付≥2辆(挑战目标5辆)，总亏损≤1万元
- **Progress:** 0%
- **Score:** 0

#### Key Results:
1. 完成试驾≥20个(上月为0)。月度新增机会>50个(上月为0),合计个人机会池≥50个(上月为100),机会到试驾的转化率≥15%(上月为0%)
    - Progress: 0%
    - Score..."
yu.xue,2025 年 7 月,交付量,2,台,"### 完成月度车辆交付2台，挑战3台。
- **Progress:** 0%
- **Score:** 0

#### Key Results:
1. 完成试驾60个，月度增加机会140。
    - Progress: 0%
    - Score: 0
2. 月度锁单目标2台，挑战目标3台。
    - Progress: 0%
    - Score: 0
3. 高配车型销售50%，官方金..."
yu.xue,2025 年 7 月,交付量,2,台,"### 完成月度车辆交付2台，挑战3台。
- **Progress:** 0%
- **Score:** 0

#### Key Results:
1. 完成试驾60个，月度增加机会140。
    - Progress: 0%
    - Score: 0
2. 月度锁单目标2台，挑战目标3台。
    - Progress: 0%
    - Score: 0
3. 高配车型销售50%，官方金..."
yu.xue,2025 年 7 月,新增建联量,140,人,"### 当月建联140人，每周建联35人
- **Progress:** 0%
- **Score:** 0

#### Key Results:
1. 建联用户的月度建信100%覆盖。当月建联用户月度建信次数至少两次。
    - Progress: 0%
    - Score: 0
2. 月度主动建联40个，每周10个。
    - Progress: 0%
    - Score: 0

..."
yu.xue,2025 年 7 月,新增建联量,35,人,"### 当月建联140人，每周建联35人
- **Progress:** 0%
- **Score:** 0

#### Key Results:
1. 建联用户的月度建信100%覆盖。当月建联用户月度建信次数至少两次。
    - Progress: 0%
    - Score: 0
2. 月度主动建联40个，每周10个。
    - Progress: 0%
    - Score: 0

..."
yu.xue,2025 年 7 月,新增建联量,40,人,"### 当月建联140人，每周建联35人
- **Progress:** 0%
- **Score:** 0

#### Key Results:
1. 建联用户的月度建信100%覆盖。当月建联用户月度建信次数至少两次。
    - Progress: 0%
    - Score: 0
2. 月度主动建联40个，每周10个。
    - Progress: 0%
    - Score: 0

..."
yu.xue,2025 年 7 月,新增建联量,140,人,"### 当月建联140人，每周建联35人
- **Progress:** 0%
- **Score:** 0

#### Key Results:
1. 建联用户的月度建信100%覆盖。当月建联用户月度建信次数至少两次。
    - Progress: 0%
    - Score: 0
2. 月度主动建联40个，每周10个。
    - Progress: 0%
    - Score: 0

..."
yu.xue,2025 年 7 月,新增建联量,35,人,"### 当月建联140人，每周建联35人
- **Progress:** 0%
- **Score:** 0

#### Key Results:
1. 建联用户的月度建信100%覆盖。当月建联用户月度建信次数至少两次。
    - Progress: 0%
    - Score: 0
2. 月度主动建联40个，每周10个。
    - Progress: 0%
    - Score: 0

..."
yu.xue,2025 年 7 月,新增建联量,40,人,"### 当月建联140人，每周建联35人
- **Progress:** 0%
- **Score:** 0

#### Key Results:
1. 建联用户的月度建信100%覆盖。当月建联用户月度建信次数至少两次。
    - Progress: 0%
    - Score: 0
2. 月度主动建联40个，每周10个。
    - Progress: 0%
    - Score: 0

..."
yu.xue,2025 年 7 月,试驾量,60,组,"### 完成月度车辆交付2台，挑战3台。
- **Progress:** 0%
- **Score:** 0

#### Key Results:
1. 完成试驾60个，月度增加机会140。
    - Progress: 0%
    - Score: 0
2. 月度锁单目标2台，挑战目标3台。
    - Progress: 0%
    - Score: 0
3. 高配车型销售50%，官方金..."
yu.xue,2025 年 7 月,试驾量,60,组,"### 完成月度车辆交付2台，挑战3台。
- **Progress:** 0%
- **Score:** 0

#### Key Results:
1. 完成试驾60个，月度增加机会140。
    - Progress: 0%
    - Score: 0
2. 月度锁单目标2台，挑战目标3台。
    - Progress: 0%
    - Score: 0
3. 高配车型销售50%，官方金..."
yuanzhuang.qiu,2025 年 7 月,试驾量,1,组,"### 7月份L60交付目标2台
L90意向金5台
- **Progress:** 0%
- **Score:** 0
- **Aligned by:**
    - 目标: 7516652006007717916, Owner: yayun.wang (open_id: ou_240214865c91b69f245f50ae36fdb654)
    - 目标: 7516652006007717..."
yuanzhuang.qiu,2025 年 7 月,试驾量,1,组,"### 7月份L60交付目标2台
L90意向金5台
- **Progress:** 0%
- **Score:** 0
- **Aligned by:**
    - 目标: 7516652006007717916, Owner: yayun.wang (open_id: ou_240214865c91b69f245f50ae36fdb654)
    - 目标: 7516652006007717..."
yuchen.zeng,2025 年 7 月,交付量,2,台,"### 多卖车多赚钱：60月度交付2台，90三台以上大定
- **Progress:** 0%
- **Score:** 0
- **Aligned by:**
    - 目标: 7516653197932412956, Owner: kangjin.hong (open_id: ou_b87709b9ee8ff0865956c922b238e74b)
    - 目标: 75166531979..."
yuchen.zeng,2025 年 7 月,交付量,2,台,"### 多卖车多赚钱：60月度交付2台，90三台以上大定
- **Progress:** 0%
- **Score:** 0
- **Aligned by:**
    - 目标: 7516653197932412956, Owner: kangjin.hong (open_id: ou_b87709b9ee8ff0865956c922b238e74b)
    - 目标: 75166531979..."
yunbilige.wu,2025 年 7 月,新增建联量,302,人,"### 个人目标
- **Progress:** 0%
- **Score:** 0
- **Aligned by:**
    - 目标: 7516653404203352066, Owner: yuezhong.zheng (open_id: ou_98eeb63a9c6b5eff2010500f23b9bf2b)
    - 目标: 7516653404203352066, Owner: y..."
yunbilige.wu,2025 年 7 月,新增建联量,302,人,"### 个人目标
- **Progress:** 0%
- **Score:** 0
- **Aligned by:**
    - 目标: 7516653404203352066, Owner: yuezhong.zheng (open_id: ou_98eeb63a9c6b5eff2010500f23b9bf2b)
    - 目标: 7516653404203352066, Owner: y..."
yunbilige.wu,2025 年 7 月,新增建联量,15,人,"### 个人目标
- **Progress:** 0%
- **Score:** 0
- **Aligned by:**
    - 目标: 7516653404203352066, Owner: yuezhong.zheng (open_id: ou_98eeb63a9c6b5eff2010500f23b9bf2b)
    - 目标: 7516653404203352066, Owner: y..."
yunbilige.wu,2025 年 7 月,新增建联量,302,人,"### 个人目标
- **Progress:** 0%
- **Score:** 0
- **Aligned by:**
    - 目标: 7516653404203352066, Owner: yuezhong.zheng (open_id: ou_98eeb63a9c6b5eff2010500f23b9bf2b)
    - 目标: 7516653404203352066, Owner: y..."
yunbilige.wu,2025 年 7 月,新增建联量,302,人,"### 个人目标
- **Progress:** 0%
- **Score:** 0
- **Aligned by:**
    - 目标: 7516653404203352066, Owner: yuezhong.zheng (open_id: ou_98eeb63a9c6b5eff2010500f23b9bf2b)
    - 目标: 7516653404203352066, Owner: y..."
yunbilige.wu,2025 年 7 月,新增建联量,15,人,"### 个人目标
- **Progress:** 0%
- **Score:** 0
- **Aligned by:**
    - 目标: 7516653404203352066, Owner: yuezhong.zheng (open_id: ou_98eeb63a9c6b5eff2010500f23b9bf2b)
    - 目标: 7516653404203352066, Owner: y..."
yushi.yang2,2025 年 7 月,新增建联量,5,人,"### 月建联＞90，并持续建信
- **Progress:** 0%
- **Score:** 0

#### Key Results:
1. 月度新增建联＞90
    - Progress: 0%
    - Score: 0
2. 每周主动外拓一次，每次外拓获客新增建联5人
    - Progress: 0%
    - Score: 0
3. 与新老用户持续建信
    - Progr..."
yushi.yang2,2025 年 7 月,新增建联量,5,人,"### 月建联＞90，并持续建信
- **Progress:** 0%
- **Score:** 0

#### Key Results:
1. 月度新增建联＞90
    - Progress: 0%
    - Score: 0
2. 每周主动外拓一次，每次外拓获客新增建联5人
    - Progress: 0%
    - Score: 0
3. 与新老用户持续建信
    - Progr..."
yushi.yang2,2025 年 7 月,新增建联量,5,人,"### 月建联＞90，并持续建信
- **Progress:** 0%
- **Score:** 0

#### Key Results:
1. 月度新增建联＞90
    - Progress: 0%
    - Score: 0
2. 每周主动外拓一次，每次外拓获客新增建联5人
    - Progress: 0%
    - Score: 0
3. 与新老用户持续建信
    - Progr..."
yushi.yang2,2025 年 7 月,新增建联量,5,人,"### 月建联＞90，并持续建信
- **Progress:** 0%
- **Score:** 0

#### Key Results:
1. 月度新增建联＞90
    - Progress: 0%
    - Score: 0
2. 每周主动外拓一次，每次外拓获客新增建联5人
    - Progress: 0%
    - Score: 0
3. 与新老用户持续建信
    - Progr..."
yutong.guo,2025 年 7 月,新增建联量,80,人,"### 当月新增建联80人
- **Progress:** 0%
- **Score:** 0

#### Key Results:
1. 月度新增建联80人
    - Progress: 0%
    - Score: 0
2. 月度建信100% 均建信次数2-3次
    - Progress: 0%
    - Score: 0
3. 主动外拓4次 外拓新增用户30人
    - Prog..."
yutong.guo,2025 年 7 月,新增建联量,80,人,"### 当月新增建联80人
- **Progress:** 0%
- **Score:** 0

#### Key Results:
1. 月度新增建联80人
    - Progress: 0%
    - Score: 0
2. 月度建信100% 均建信次数2-3次
    - Progress: 0%
    - Score: 0
3. 主动外拓4次 外拓新增用户30人
    - Prog..."
yutong.guo,2025 年 7 月,新增建联量,80,人,"### 当月新增建联80人
- **Progress:** 0%
- **Score:** 0

#### Key Results:
1. 月度新增建联80人
    - Progress: 0%
    - Score: 0
2. 月度建信100% 均建信次数2-3次
    - Progress: 0%
    - Score: 0
3. 主动外拓4次 外拓新增用户30人
    - Prog..."
yutong.guo,2025 年 7 月,新增建联量,80,人,"### 当月新增建联80人
- **Progress:** 0%
- **Score:** 0

#### Key Results:
1. 月度新增建联80人
    - Progress: 0%
    - Score: 0
2. 月度建信100% 均建信次数2-3次
    - Progress: 0%
    - Score: 0
3. 主动外拓4次 外拓新增用户30人
    - Prog..."
yutong.guo,2025 年 7 月,新增建联量,80,人,"### 当月新增建联80人
- **Progress:** 0%
- **Score:** 0

#### Key Results:
1. 月度新增建联80人
    - Progress: 0%
    - Score: 0
2. 月度建信100% 均建信次数2-3次
    - Progress: 0%
    - Score: 0
3. 主动外拓4次 外拓新增用户30人
    - Prog..."
yutong.guo,2025 年 7 月,新增建联量,80,人,"### 当月新增建联80人
- **Progress:** 0%
- **Score:** 0

#### Key Results:
1. 月度新增建联80人
    - Progress: 0%
    - Score: 0
2. 月度建信100% 均建信次数2-3次
    - Progress: 0%
    - Score: 0
3. 主动外拓4次 外拓新增用户30人
    - Prog..."
yutong.guo,2025 年 7 月,新增建联量,80,人,"### 当月新增建联80人
- **Progress:** 0%
- **Score:** 0

#### Key Results:
1. 月度新增建联80人
    - Progress: 0%
    - Score: 0
2. 月度建信100% 均建信次数2-3次
    - Progress: 0%
    - Score: 0
3. 主动外拓4次 外拓新增用户30人
    - Prog..."
yutong.guo,2025 年 7 月,新增建联量,80,人,"### 当月新增建联80人
- **Progress:** 0%
- **Score:** 0

#### Key Results:
1. 月度新增建联80人
    - Progress: 0%
    - Score: 0
2. 月度建信100% 均建信次数2-3次
    - Progress: 0%
    - Score: 0
3. 主动外拓4次 外拓新增用户30人
    - Prog..."
yutong.guo,2025 年 7 月,锁单量,2,台,"### 1.交付目标：1 锁单目标：2
- **Progress:** 0%
- **Score:** 0

#### Key Results:
1. 试驾完成40 组 成交转化率5% 预计完成锁单2单
    - Progress: 0%
    - Score: 0
2. 月锁单目标2组 试驾转换率5%
    - Progress: 0%
    - Score: 0
3. 选配车辆占比50..."
yutong.guo,2025 年 7 月,锁单量,2,台,"### 1.交付目标：1 锁单目标：2
- **Progress:** 0%
- **Score:** 0

#### Key Results:
1. 试驾完成40 组 成交转化率5% 预计完成锁单2单
    - Progress: 0%
    - Score: 0
2. 月锁单目标2组 试驾转换率5%
    - Progress: 0%
    - Score: 0
3. 选配车辆占比50..."
zhangyuan.yang,2025 年 7 月,新增建联量,200,人,"### 当月新增建联 ≥ 400 人，总建联人数 ≥ 450人，并持续建信。
- **Progress:** 0%
- **Score:** 0
- **Aligned by:**
    - 目标: 7516653430737059868, Owner: alvaro.wang (open_id: ou_4b068ee5f199d8a88d8e78fd821db6b8)

#### Key Re..."
zhaohui.tan,2025 年 7 月,试驾量,60,组,"### 7月锁单目标3 交付目标 3@Yuanhe FAN 范原赫
- **Progress:** 0%
- **Score:** 0
- **Mentioned:** yuanhe.fan (open_id: ou_d0d2ee3d35fd0c713de5ad215d2d1f4e)

#### Key Results:
1. 新增线索100 试驾60 （walk in 30 外拓15 老车主推荐..."
zhen.yao2,2025 年 7 月,新增建联量,250,人,"### 多建联多建信:
当月新增建联≥250人,总建联人数≥300人,并持续建信。
A1:月度新增建联>250人(其中主动建联≥150人,门店路演建联≥50人,主动外拓异业合作等建联>50人) A2:建联用户的月度建信100%覆盖,所有建联用户月
ang C
均建信次数>3次
A3:主动面对面拜访10个已建联无明确购车需求用户(包括合作伙伴、颜蔚来或乐道的老用户,等),新增 5-10个蔚来老用户的..."
zhen.yao2,2025 年 7 月,新增建联量,250,人,"### 多建联多建信:
当月新增建联≥250人,总建联人数≥300人,并持续建信。
A1:月度新增建联>250人(其中主动建联≥150人,门店路演建联≥50人,主动外拓异业合作等建联>50人) A2:建联用户的月度建信100%覆盖,所有建联用户月
ang C
均建信次数>3次
A3:主动面对面拜访10个已建联无明确购车需求用户(包括合作伙伴、颜蔚来或乐道的老用户,等),新增 5-10个蔚来老用户的..."
zhen.yao2,2025 年 7 月,新增建联量,250,人,"### 多建联多建信:
当月新增建联≥250人,总建联人数≥300人,并持续建信。
A1:月度新增建联>250人(其中主动建联≥150人,门店路演建联≥50人,主动外拓异业合作等建联>50人) A2:建联用户的月度建信100%覆盖,所有建联用户月
ang C
均建信次数>3次
A3:主动面对面拜访10个已建联无明确购车需求用户(包括合作伙伴、颜蔚来或乐道的老用户,等),新增 5-10个蔚来老用户的..."
zhen.yao2,2025 年 7 月,新增建联量,250,人,"### 多建联多建信:
当月新增建联≥250人,总建联人数≥300人,并持续建信。
A1:月度新增建联>250人(其中主动建联≥150人,门店路演建联≥50人,主动外拓异业合作等建联>50人) A2:建联用户的月度建信100%覆盖,所有建联用户月
ang C
均建信次数>3次
A3:主动面对面拜访10个已建联无明确购车需求用户(包括合作伙伴、颜蔚来或乐道的老用户,等),新增 5-10个蔚来老用户的..."
zhen.yao2,2025 年 7 月,新增建联量,150,人,"### 多建联多建信:
当月新增建联≥250人,总建联人数≥300人,并持续建信。
A1:月度新增建联>250人(其中主动建联≥150人,门店路演建联≥50人,主动外拓异业合作等建联>50人) A2:建联用户的月度建信100%覆盖,所有建联用户月
ang C
均建信次数>3次
A3:主动面对面拜访10个已建联无明确购车需求用户(包括合作伙伴、颜蔚来或乐道的老用户,等),新增 5-10个蔚来老用户的..."
zhen.yao2,2025 年 7 月,新增建联量,50,人,"### 多建联多建信:
当月新增建联≥250人,总建联人数≥300人,并持续建信。
A1:月度新增建联>250人(其中主动建联≥150人,门店路演建联≥50人,主动外拓异业合作等建联>50人) A2:建联用户的月度建信100%覆盖,所有建联用户月
ang C
均建信次数>3次
A3:主动面对面拜访10个已建联无明确购车需求用户(包括合作伙伴、颜蔚来或乐道的老用户,等),新增 5-10个蔚来老用户的..."
zhen.yao2,2025 年 7 月,新增建联量,50,人,"### 多建联多建信:
当月新增建联≥250人,总建联人数≥300人,并持续建信。
A1:月度新增建联>250人(其中主动建联≥150人,门店路演建联≥50人,主动外拓异业合作等建联>50人) A2:建联用户的月度建信100%覆盖,所有建联用户月
ang C
均建信次数>3次
A3:主动面对面拜访10个已建联无明确购车需求用户(包括合作伙伴、颜蔚来或乐道的老用户,等),新增 5-10个蔚来老用户的..."
zhen.yao2,2025 年 7 月,试驾量,40,组,"### 完成销售目标:
完成月度车辆销售交付≥T2辆(挑战目标T3辆)
A1:完成试驾≥40个。月度新增购车需求≥15个
个人合计购车需求池≥20个,机会到试驾的转化率≥50%。 
A2:月度锁单目标≥2辆
试驾到锁单的转化率≥6%。
A3:高配车型销售占比>40%,官方汽车CHE金融占比>50%,官方二手车占比ang C>50%
A4:周边异业商圈多走动建联尝试转介绍。
- **Progress..."
zhenfeng.chen,2025 年 7 月,锁单量,8,台,"### V3、L90上市首月，人均锁单8组
- **Progress:** 0%
- **Score:** 0

#### Key Results:
1. A1.L90产品知识100%通关➕竞品对标强化
    - Progress: 0%
    - Score: 0
2. A2.个人社媒平台持续预热，朋友圈刷屏不低于5条（L90至少3条）
A3.L90意向用户动态盘点
    - Progre..."
zhengyuan.rui,2025 年 7 月,交付量,4,台,"### V1(多卖车多赚钱):完成月度车辆销售交付≥4辆(挑战目标Y辆)总利润贡献≥2万元
- **Progress:** 0%
- **Score:** 0

#### Key Results:
1. 完成试驾>60个(上月为18个)。机会到试驾的转化率>25%(上月为14%)。
    - Progress: 0%
    - Score: 0
2. 月度锁单目标>4辆(上月为3辆),试驾到锁..."
zhengyuan.rui,2025 年 7 月,新增建联量,130,人,"### V2(多建联多建信):当月新增建联>130人，并持续建作信。
- **Progress:** 0%
- **Score:** 0

#### Key Results:
1. 建联用户的月度建信100%覆盖,所有建联用户月均建信次数≥3次
    - Progress: 0%
    - Score: 0
2. 主动面对面拜访10个已建联无明确购车需求用户(包括合作伙伴、蔚来或乐道的老用户,..."
zhengyuan.rui,2025 年 7 月,新增建联量,130,人,"### V2(多建联多建信):当月新增建联>130人，并持续建作信。
- **Progress:** 0%
- **Score:** 0

#### Key Results:
1. 建联用户的月度建信100%覆盖,所有建联用户月均建信次数≥3次
    - Progress: 0%
    - Score: 0
2. 主动面对面拜访10个已建联无明确购车需求用户(包括合作伙伴、蔚来或乐道的老用户,..."
zhengyuan.rui,2025 年 7 月,新增建联量,130,人,"### V2(多建联多建信):当月新增建联>130人，并持续建作信。
- **Progress:** 0%
- **Score:** 0

#### Key Results:
1. 建联用户的月度建信100%覆盖,所有建联用户月均建信次数≥3次
    - Progress: 0%
    - Score: 0
2. 主动面对面拜访10个已建联无明确购车需求用户(包括合作伙伴、蔚来或乐道的老用户,..."
zhengyuan.rui,2025 年 7 月,新增建联量,130,人,"### V2(多建联多建信):当月新增建联>130人，并持续建作信。
- **Progress:** 0%
- **Score:** 0

#### Key Results:
1. 建联用户的月度建信100%覆盖,所有建联用户月均建信次数≥3次
    - Progress: 0%
    - Score: 0
2. 主动面对面拜访10个已建联无明确购车需求用户(包括合作伙伴、蔚来或乐道的老用户,..."
zhengyuan.rui,2025 年 7 月,试驾量,60,组,"### V1(多卖车多赚钱):完成月度车辆销售交付≥4辆(挑战目标Y辆)总利润贡献≥2万元
- **Progress:** 0%
- **Score:** 0

#### Key Results:
1. 完成试驾>60个(上月为18个)。机会到试驾的转化率>25%(上月为14%)。
    - Progress: 0%
    - Score: 0
2. 月度锁单目标>4辆(上月为3辆),试驾到锁..."
zhenhua.fu,2025 年 7 月,交付量,1,台,"### 熟悉所有销售流程并订单2台交付1台
- **Progress:** 0%
- **Score:** 0

#### Key Results:
1. 本月试驾30个 接下来每周试驾10个为目标 日拨打40个电话 每日两个例子
    - Progress: 0%
    - Score: 0

---"
zhenhua.fu,2025 年 7 月,交付量,1,台,"### 熟悉所有销售流程并订单2台交付1台
- **Progress:** 0%
- **Score:** 0

#### Key Results:
1. 本月试驾30个 接下来每周试驾10个为目标 日拨打40个电话 每日两个例子
    - Progress: 0%
    - Score: 0

---"
zhenhua.fu,2025 年 7 月,试驾量,30,组,"### 熟悉所有销售流程并订单2台交付1台
- **Progress:** 0%
- **Score:** 0

#### Key Results:
1. 本月试驾30个 接下来每周试驾10个为目标 日拨打40个电话 每日两个例子
    - Progress: 0%
    - Score: 0

---"
zhenhua.fu,2025 年 7 月,试驾量,10,组,"### 熟悉所有销售流程并订单2台交付1台
- **Progress:** 0%
- **Score:** 0

#### Key Results:
1. 本月试驾30个 接下来每周试驾10个为目标 日拨打40个电话 每日两个例子
    - Progress: 0%
    - Score: 0

---"
zhenhua.fu,2025 年 7 月,试驾量,30,组,"### 熟悉所有销售流程并订单2台交付1台
- **Progress:** 0%
- **Score:** 0

#### Key Results:
1. 本月试驾30个 接下来每周试驾10个为目标 日拨打40个电话 每日两个例子
    - Progress: 0%
    - Score: 0

---"
zhenhua.fu,2025 年 7 月,试驾量,10,组,"### 熟悉所有销售流程并订单2台交付1台
- **Progress:** 0%
- **Score:** 0

#### Key Results:
1. 本月试驾30个 接下来每周试驾10个为目标 日拨打40个电话 每日两个例子
    - Progress: 0%
    - Score: 0

---"
zhenxu.yao,2025 年 7 月,交付量,1,台,"### 完成7月交付≥1台，挑战目标2台。完成率≥130%；
A1：Leads≥107（5月为XX）；完成试驾 ≥ 48(5月为XX)，排程出席率≥55%（6月为XX%）
A2：
- **Progress:** 0%
- **Score:** 0
- **Aligned by:**
    - 目标: 7516653426752110594, Owner: ruixuan.wang2 (open_..."
zhenxu.yao,2025 年 7 月,新增建联量,330,人,"### V2:完成7月新增建联建信目标，建联≥330，建信≥1000；
- **Progress:** 0%
- **Score:** 0

#### Key Results:
1. A1：建联≥230（主动建联占比25%，战败打捞20%，门店20%，线上20%，其他渠道15%）；
    - Progress: 0%
    - Score: 0
2. 筛选SSP合适人选和持续新增新老用户涟漪进..."
zhenxu.yao,2025 年 7 月,新增建联量,230,人,"### V2:完成7月新增建联建信目标，建联≥330，建信≥1000；
- **Progress:** 0%
- **Score:** 0

#### Key Results:
1. A1：建联≥230（主动建联占比25%，战败打捞20%，门店20%，线上20%，其他渠道15%）；
    - Progress: 0%
    - Score: 0
2. 筛选SSP合适人选和持续新增新老用户涟漪进..."
zhigang.sun,2025 年 7 月,交付量,3,台,"### 1. Fellow 个人 VAU
V1(多卖车多赚钱):完成月度车辆销售交付≥3辆(挑战目标4辆),总利润贡献≥2万

元(或者:总亏损≤1万元)。

A1:完成试驾≥0个(上月为0%)。月度新增机会>0个(上月为0%),合计个人机会池≥0个(上月为0%),机会到试驾的转化率≥0%(上月为0%)。

A2:月度锁单目标≥3辆(上月为0%),试驾到锁单的转化率≥10%(上月为0%)。

A3..."
zhigang.sun,2025 年 7 月,新增建联量,50,人,"### 1. Fellow 个人 VAU
V1(多卖车多赚钱):完成月度车辆销售交付≥3辆(挑战目标4辆),总利润贡献≥2万

元(或者:总亏损≤1万元)。

A1:完成试驾≥0个(上月为0%)。月度新增机会>0个(上月为0%),合计个人机会池≥0个(上月为0%),机会到试驾的转化率≥0%(上月为0%)。

A2:月度锁单目标≥3辆(上月为0%),试驾到锁单的转化率≥10%(上月为0%)。

A3..."
zhigang.sun,2025 年 7 月,新增建联量,0,人,"### 1. Fellow 个人 VAU
V1(多卖车多赚钱):完成月度车辆销售交付≥3辆(挑战目标4辆),总利润贡献≥2万

元(或者:总亏损≤1万元)。

A1:完成试驾≥0个(上月为0%)。月度新增机会>0个(上月为0%),合计个人机会池≥0个(上月为0%),机会到试驾的转化率≥0%(上月为0%)。

A2:月度锁单目标≥3辆(上月为0%),试驾到锁单的转化率≥10%(上月为0%)。

A3..."
zhigang.sun,2025 年 7 月,新增建联量,50,人,"### 1. Fellow 个人 VAU
V1(多卖车多赚钱):完成月度车辆销售交付≥3辆(挑战目标4辆),总利润贡献≥2万

元(或者:总亏损≤1万元)。

A1:完成试驾≥0个(上月为0%)。月度新增机会>0个(上月为0%),合计个人机会池≥0个(上月为0%),机会到试驾的转化率≥0%(上月为0%)。

A2:月度锁单目标≥3辆(上月为0%),试驾到锁单的转化率≥10%(上月为0%)。

A3..."
zhigang.sun,2025 年 7 月,新增建联量,0,人,"### 1. Fellow 个人 VAU
V1(多卖车多赚钱):完成月度车辆销售交付≥3辆(挑战目标4辆),总利润贡献≥2万

元(或者:总亏损≤1万元)。

A1:完成试驾≥0个(上月为0%)。月度新增机会>0个(上月为0%),合计个人机会池≥0个(上月为0%),机会到试驾的转化率≥0%(上月为0%)。

A2:月度锁单目标≥3辆(上月为0%),试驾到锁单的转化率≥10%(上月为0%)。

A3..."
zhigang.sun,2025 年 7 月,新增建联量,0,人,"### 1. Fellow 个人 VAU
V1(多卖车多赚钱):完成月度车辆销售交付≥3辆(挑战目标4辆),总利润贡献≥2万

元(或者:总亏损≤1万元)。

A1:完成试驾≥0个(上月为0%)。月度新增机会>0个(上月为0%),合计个人机会池≥0个(上月为0%),机会到试驾的转化率≥0%(上月为0%)。

A2:月度锁单目标≥3辆(上月为0%),试驾到锁单的转化率≥10%(上月为0%)。

A3..."
zhigang.sun,2025 年 7 月,试驾量,0,组,"### 1. Fellow 个人 VAU
V1(多卖车多赚钱):完成月度车辆销售交付≥3辆(挑战目标4辆),总利润贡献≥2万

元(或者:总亏损≤1万元)。

A1:完成试驾≥0个(上月为0%)。月度新增机会>0个(上月为0%),合计个人机会池≥0个(上月为0%),机会到试驾的转化率≥0%(上月为0%)。

A2:月度锁单目标≥3辆(上月为0%),试驾到锁单的转化率≥10%(上月为0%)。

A3..."
zhilin.jiao,2025 年 7 月,新增建联量,190,人,"### 本月建信建联190个
- **Progress:** 0%
- **Score:** 0

#### Key Results:
1. 每周建联建信大于43，本月最后半周建信建联主动建联18个，每周主动建联大于6个，最后半周主动建联大于1个，去确保试驾数量完成
    - Progress: 0%
    - Score: 0

---"
zhilin.jiao,2025 年 7 月,新增建联量,18,人,"### 本月建信建联190个
- **Progress:** 0%
- **Score:** 0

#### Key Results:
1. 每周建联建信大于43，本月最后半周建信建联主动建联18个，每周主动建联大于6个，最后半周主动建联大于1个，去确保试驾数量完成
    - Progress: 0%
    - Score: 0

---"
zhilin.jiao,2025 年 7 月,新增建联量,190,人,"### 本月建信建联190个
- **Progress:** 0%
- **Score:** 0

#### Key Results:
1. 每周建联建信大于43，本月最后半周建信建联主动建联18个，每周主动建联大于6个，最后半周主动建联大于1个，去确保试驾数量完成
    - Progress: 0%
    - Score: 0

---"
zhilin.jiao,2025 年 7 月,新增建联量,18,人,"### 本月建信建联190个
- **Progress:** 0%
- **Score:** 0

#### Key Results:
1. 每周建联建信大于43，本月最后半周建信建联主动建联18个，每周主动建联大于6个，最后半周主动建联大于1个，去确保试驾数量完成
    - Progress: 0%
    - Score: 0

---"
zhiming.lu,2025 年 7 月,新增建联量,40,人,"### 要卖5台车
- **Progress:** 0%
- **Score:** 0

#### Key Results:
1. 建联40组
    - Progress: 0%
    - Score: 0
2. 本月完成试驾30组，通过主动建联主动邀请门店用户，以及线上涟漪用户
    - Progress: 0%
    - Score: 0
3. 每周产出1个半重要客户，从主动建联和已试..."
zhiming.lu,2025 年 7 月,新增建联量,40,人,"### 要卖5台车
- **Progress:** 0%
- **Score:** 0

#### Key Results:
1. 建联40组
    - Progress: 0%
    - Score: 0
2. 本月完成试驾30组，通过主动建联主动邀请门店用户，以及线上涟漪用户
    - Progress: 0%
    - Score: 0
3. 每周产出1个半重要客户，从主动建联和已试..."
zhiming.lu,2025 年 7 月,试驾量,30,组,"### 要卖5台车
- **Progress:** 0%
- **Score:** 0

#### Key Results:
1. 建联40组
    - Progress: 0%
    - Score: 0
2. 本月完成试驾30组，通过主动建联主动邀请门店用户，以及线上涟漪用户
    - Progress: 0%
    - Score: 0
3. 每周产出1个半重要客户，从主动建联和已试..."
zhiming.lu,2025 年 7 月,试驾量,30,组,"### 要卖5台车
- **Progress:** 0%
- **Score:** 0

#### Key Results:
1. 建联40组
    - Progress: 0%
    - Score: 0
2. 本月完成试驾30组，通过主动建联主动邀请门店用户，以及线上涟漪用户
    - Progress: 0%
    - Score: 0
3. 每周产出1个半重要客户，从主动建联和已试..."
zhuqiang.chen,2025 年 7 月,交付量,1,台,"### （多卖车多赚钱）：完成L60锁单及交付1台（挑战目标2台）
- **Progress:** 0%
- **Score:** 0

#### Key Results:
1. 月度L60锁单及交付1台
    - Progress: 0%
    - Score: 0
2. 月度试驾量>15组
    - Progress: 0%
    - Score: 0
3. 月度跟进数>600组，每日..."
zhuqiang.chen,2025 年 7 月,交付量,1,台,"### （多卖车多赚钱）：完成L60锁单及交付1台（挑战目标2台）
- **Progress:** 0%
- **Score:** 0

#### Key Results:
1. 月度L60锁单及交付1台
    - Progress: 0%
    - Score: 0
2. 月度试驾量>15组
    - Progress: 0%
    - Score: 0
3. 月度跟进数>600组，每日..."
zhuqiang.chen,2025 年 7 月,交付量,1,台,"### （多卖车多赚钱）：完成L60锁单及交付1台（挑战目标2台）
- **Progress:** 0%
- **Score:** 0

#### Key Results:
1. 月度L60锁单及交付1台
    - Progress: 0%
    - Score: 0
2. 月度试驾量>15组
    - Progress: 0%
    - Score: 0
3. 月度跟进数>600组，每日..."
zhuqiang.chen,2025 年 7 月,交付量,1,台,"### （多卖车多赚钱）：完成L60锁单及交付1台（挑战目标2台）
- **Progress:** 0%
- **Score:** 0

#### Key Results:
1. 月度L60锁单及交付1台
    - Progress: 0%
    - Score: 0
2. 月度试驾量>15组
    - Progress: 0%
    - Score: 0
3. 月度跟进数>600组，每日..."
zhuqiang.chen,2025 年 7 月,新增建联量,30,人,"### （多建联多建信）：月度个人新增建联>30组
- **Progress:** 0%
- **Score:** 0

#### Key Results:
1. 月度个人新增建联>30组
    - Progress: 0%
    - Score: 0
2. 开口获取新增建联目标，每日线索2-3个，企微通过率80%
    - Progress: 0%
    - Score: 0
3. 在社..."
zhuqiang.chen,2025 年 7 月,新增建联量,30,人,"### （多建联多建信）：月度个人新增建联>30组
- **Progress:** 0%
- **Score:** 0

#### Key Results:
1. 月度个人新增建联>30组
    - Progress: 0%
    - Score: 0
2. 开口获取新增建联目标，每日线索2-3个，企微通过率80%
    - Progress: 0%
    - Score: 0
3. 在社..."
zhuqiang.chen,2025 年 7 月,新增建联量,30,人,"### （多建联多建信）：月度个人新增建联>30组
- **Progress:** 0%
- **Score:** 0

#### Key Results:
1. 月度个人新增建联>30组
    - Progress: 0%
    - Score: 0
2. 开口获取新增建联目标，每日线索2-3个，企微通过率80%
    - Progress: 0%
    - Score: 0
3. 在社..."
zhuqiang.chen,2025 年 7 月,新增建联量,30,人,"### （多建联多建信）：月度个人新增建联>30组
- **Progress:** 0%
- **Score:** 0

#### Key Results:
1. 月度个人新增建联>30组
    - Progress: 0%
    - Score: 0
2. 开口获取新增建联目标，每日线索2-3个，企微通过率80%
    - Progress: 0%
    - Score: 0
3. 在社..."
zhuqiang.chen,2025 年 7 月,试驾量,15,组,"### （多卖车多赚钱）：完成L60锁单及交付1台（挑战目标2台）
- **Progress:** 0%
- **Score:** 0

#### Key Results:
1. 月度L60锁单及交付1台
    - Progress: 0%
    - Score: 0
2. 月度试驾量>15组
    - Progress: 0%
    - Score: 0
3. 月度跟进数>600组，每日..."
zian.xie,2025 年 7 月,交付量,2,台,"### v1 完成月度车辆交付>2台，挑战目标>3台，总亏损<=0.1万元
- **Progress:** 0%
- **Score:** 0

#### Key Results:
1. a1 完成试驾>35，月度新增购车需求>=10
    - Progress: 0%
    - Score: 0
2. a2 月度锁单目标>3辆
    - Progress: 0%
    - Score: ..."
zian.xie,2025 年 7 月,新增建联量,150,人,"### v2 当月新增建联>150人 总建联>150人
- **Progress:** 0%
- **Score:** 0

#### Key Results:
1. a1 月度新增建联>150人 主动建联>20
    - Progress: 0%
    - Score: 0
2. a2 建联用户建信100% 所有月建联用户建信次数>3次
    - Progress: 0%
    - Sc..."
zian.xie,2025 年 7 月,新增建联量,150,人,"### v2 当月新增建联>150人 总建联>150人
- **Progress:** 0%
- **Score:** 0

#### Key Results:
1. a1 月度新增建联>150人 主动建联>20
    - Progress: 0%
    - Score: 0
2. a2 建联用户建信100% 所有月建联用户建信次数>3次
    - Progress: 0%
    - Sc..."
zian.xie,2025 年 7 月,新增建联量,150,人,"### v2 当月新增建联>150人 总建联>150人
- **Progress:** 0%
- **Score:** 0

#### Key Results:
1. a1 月度新增建联>150人 主动建联>20
    - Progress: 0%
    - Score: 0
2. a2 建联用户建信100% 所有月建联用户建信次数>3次
    - Progress: 0%
    - Sc..."
zian.xie,2025 年 7 月,新增建联量,150,人,"### v2 当月新增建联>150人 总建联>150人
- **Progress:** 0%
- **Score:** 0

#### Key Results:
1. a1 月度新增建联>150人 主动建联>20
    - Progress: 0%
    - Score: 0
2. a2 建联用户建信100% 所有月建联用户建信次数>3次
    - Progress: 0%
    - Sc..."
zian.xie,2025 年 7 月,新增建联量,150,人,"### v2 当月新增建联>150人 总建联>150人
- **Progress:** 0%
- **Score:** 0

#### Key Results:
1. a1 月度新增建联>150人 主动建联>20
    - Progress: 0%
    - Score: 0
2. a2 建联用户建信100% 所有月建联用户建信次数>3次
    - Progress: 0%
    - Sc..."
zian.xie,2025 年 7 月,新增建联量,20,人,"### v2 当月新增建联>150人 总建联>150人
- **Progress:** 0%
- **Score:** 0

#### Key Results:
1. a1 月度新增建联>150人 主动建联>20
    - Progress: 0%
    - Score: 0
2. a2 建联用户建信100% 所有月建联用户建信次数>3次
    - Progress: 0%
    - Sc..."
zian.xie,2025 年 7 月,试驾量,35,组,"### v1 完成月度车辆交付>2台，挑战目标>3台，总亏损<=0.1万元
- **Progress:** 0%
- **Score:** 0

#### Key Results:
1. a1 完成试驾>35，月度新增购车需求>=10
    - Progress: 0%
    - Score: 0
2. a2 月度锁单目标>3辆
    - Progress: 0%
    - Score: ..."
zilong.peng,2025 年 7 月,新增建联量,302,人,"### 个人目标
- **Progress:** 0%
- **Score:** 0
- **Aligned by:**
    - 目标: 7516653404203352066, Owner: yuezhong.zheng (open_id: ou_98eeb63a9c6b5eff2010500f23b9bf2b)
    - 目标: 7516653404203352066, Owner: y..."
zilong.peng,2025 年 7 月,新增建联量,302,人,"### 个人目标
- **Progress:** 0%
- **Score:** 0
- **Aligned by:**
    - 目标: 7516653404203352066, Owner: yuezhong.zheng (open_id: ou_98eeb63a9c6b5eff2010500f23b9bf2b)
    - 目标: 7516653404203352066, Owner: y..."
zilong.peng,2025 年 7 月,试驾量,9,组,"### 个人目标
- **Progress:** 0%
- **Score:** 0
- **Aligned by:**
    - 目标: 7516653404203352066, Owner: yuezhong.zheng (open_id: ou_98eeb63a9c6b5eff2010500f23b9bf2b)
    - 目标: 7516653404203352066, Owner: y..."
ziqi.zhang5,2025 年 7 月,交付量,2,台,"### 个人目标达成:月度交付≥2
- **Progress:** 0%
- **Score:** 0
- **Aligned by:**
    - 目标: 7516653427054985217, Owner: jasen.wu (open_id: ou_75a5b865bcdbd8bfed7e17bff3a14054)
    - 目标: 7516653427054985217, Owner..."
ziqi.zhang5,2025 年 7 月,新增建联量,150,人,"### 增加建联建信开口:月度建联总量≥200，新增建联≥150
- **Progress:** 0%
- **Score:** 0
- **Aligned by:**
    - 目标: 7516653427054985217, Owner: jasen.wu (open_id: ou_75a5b865bcdbd8bfed7e17bff3a14054)

#### Key Results:
1...."
ziqi.zhang5,2025 年 7 月,新增建联量,150,人,"### 增加建联建信开口:月度建联总量≥200，新增建联≥150
- **Progress:** 0%
- **Score:** 0
- **Aligned by:**
    - 目标: 7516653427054985217, Owner: jasen.wu (open_id: ou_75a5b865bcdbd8bfed7e17bff3a14054)

#### Key Results:
1...."
ziwei.liu7,2025 年 7 月,交付量,2,台,"### 月度车辆销售交付≥2（挑战≥3）
- **Progress:** 0%
- **Score:** 0
- **Aligned by:**
    - 目标: 7516653426726617116, Owner: lichun.wu (open_id: ou_2ae0a473d9972d82acaff995b1d763fa)

#### Key Results:
1. 试驾数量周数≥15，..."
ziwei.liu7,2025 年 7 月,新增建联量,200,人,"### 多建联多建信，月度新增建联数≥200人，月度新增建信≥1000
- **Progress:** 0%
- **Score:** 0
- **Aligned by:**
    - 目标: 7516653426726617116, Owner: lichun.wu (open_id: ou_2ae0a473d9972d82acaff995b1d763fa)

#### Key Results..."
ziwei.liu7,2025 年 7 月,新增建联量,50,人,"### 多建联多建信，月度新增建联数≥200人，月度新增建信≥1000
- **Progress:** 0%
- **Score:** 0
- **Aligned by:**
    - 目标: 7516653426726617116, Owner: lichun.wu (open_id: ou_2ae0a473d9972d82acaff995b1d763fa)

#### Key Results..."
